date,Công nghệ thông tin,Việc làm IT,Lập trình viên,Kỹ sư phần mềm,Software Engineer,isPartial
2021-10-03,29,1,66,0,1,False
2021-10-10,32,1,47,0,1,False
2021-10-17,31,1,33,1,1,False
2021-10-24,28,2,26,0,1,False
2021-10-31,26,1,24,1,1,False
2021-11-07,26,1,25,1,1,False
2021-11-14,25,1,23,0,1,False
2021-11-21,23,1,20,0,1,False
2021-11-28,26,1,17,0,1,False
2021-12-05,23,1,16,0,2,False
2021-12-12,24,1,15,0,1,False
2021-12-19,25,2,14,0,1,False
2021-12-26,23,1,14,1,2,False
2022-01-02,32,2,20,1,2,False
2022-01-09,30,1,13,1,1,False
2022-01-16,23,2,9,0,1,False
2022-01-23,20,1,9,1,1,False
2022-01-30,19,1,8,0,1,False
2022-02-06,38,2,9,1,2,False
2022-02-13,52,2,12,1,2,False
2022-02-20,50,1,12,1,2,False
2022-02-27,44,1,13,1,2,False
2022-03-06,45,2,14,1,2,False
2022-03-13,55,2,14,1,2,False
2022-03-20,51,2,13,1,2,False
2022-03-27,52,2,11,0,2,False
2022-04-03,52,2,10,0,2,False
2022-04-10,50,2,10,0,1,False
2022-04-17,50,2,11,0,2,False
2022-04-24,43,2,10,1,2,False
2022-05-01,40,2,12,0,2,False
2022-05-08,45,2,11,0,2,False
2022-05-15,42,2,11,1,2,False
2022-05-22,44,2,10,1,1,False
2022-05-29,48,2,10,1,2,False
2022-06-05,46,2,11,0,2,False
2022-06-12,46,2,12,1,1,False
2022-06-19,46,1,12,1,1,False
2022-06-26,51,2,10,1,2,False
2022-07-03,56,1,10,1,2,False
2022-07-10,64,2,8,1,2,False
2022-07-17,71,2,8,1,2,False
2022-07-24,100,2,9,1,2,False
2022-07-31,71,2,9,1,2,False
2022-08-07,58,2,8,1,2,False
2022-08-14,58,1,8,1,2,False
2022-08-21,37,1,7,0,1,False
2022-08-28,30,1,7,0,2,False
2022-09-04,36,1,8,0,2,False
2022-09-11,62,1,10,0,2,False
2022-09-18,55,2,9,0,2,False
2022-09-25,44,2,10,1,2,False
2022-10-02,37,1,8,0,1,False
2022-10-09,36,2,10,0,1,False
2022-10-16,34,1,9,1,1,False
2022-10-23,36,2,10,0,2,False
2022-10-30,35,2,9,0,2,False
2022-11-06,37,2,10,0,2,False
2022-11-13,31,1,9,0,2,False
2022-11-20,27,1,9,0,2,False
2022-11-27,29,1,8,0,2,False
2022-12-04,31,1,9,1,1,False
2022-12-11,28,2,10,0,2,False
2022-12-18,30,2,9,1,1,False
2022-12-25,31,2,9,1,2,False
2023-01-01,26,2,8,0,2,False
2023-01-08,24,1,7,1,2,False
2023-01-15,15,1,5,0,1,False
2023-01-22,21,1,6,0,2,False
2023-01-29,37,3,8,1,2,False
2023-02-05,42,2,8,0,2,False
2023-02-12,38,2,10,1,2,False
2023-02-19,39,2,11,1,2,False
2023-02-26,43,2,11,1,2,False
2023-03-05,39,2,13,1,2,False
2023-03-12,41,2,14,0,2,False
2023-03-19,41,2,13,1,2,False
2023-03-26,43,2,12,1,1,False
2023-04-02,43,2,11,1,2,False
2023-04-09,42,2,12,1,2,False
2023-04-16,41,2,13,0,2,False
2023-04-23,40,2,19,1,2,False
2023-04-30,36,2,14,1,1,False
2023-05-07,45,2,12,1,1,False
2023-05-14,46,2,13,1,2,False
2023-05-21,44,2,12,1,2,False
2023-05-28,45,2,12,0,2,False
2023-06-04,47,1,12,1,2,False
2023-06-11,44,2,10,1,2,False
2023-06-18,53,2,9,1,2,False
2023-06-25,61,2,10,1,2,False
2023-07-02,70,2,10,1,2,False
2023-07-09,54,2,8,1,2,False
2023-07-16,81,2,6,1,3,False
2023-07-23,71,2,7,1,2,False
2023-07-30,40,2,7,0,2,False
2023-08-06,34,2,7,1,2,False
2023-08-13,36,2,7,1,2,False
2023-08-20,66,2,8,1,2,False
2023-08-27,43,1,8,1,2,False
2023-09-03,40,2,8,0,2,False
2023-09-10,39,1,9,1,2,False
2023-09-17,38,2,8,1,2,False
2023-09-24,36,2,8,1,3,False
2023-10-01,36,2,8,0,2,False
2023-10-08,37,1,12,1,2,False
2023-10-15,34,1,10,1,2,False
2023-10-22,38,1,13,1,3,False
2023-10-29,40,1,12,1,2,False
2023-11-05,36,2,8,0,2,False
2023-11-12,31,2,10,1,2,False
2023-11-19,31,2,10,1,2,False
2023-11-26,34,2,10,0,2,False
2023-12-03,33,1,8,0,2,False
2023-12-10,34,2,8,0,2,False
2023-12-17,32,1,8,0,2,False
2023-12-24,31,2,7,0,3,False
2023-12-31,28,2,5,1,2,False
2024-01-07,32,1,6,1,2,False
2024-01-14,31,2,6,0,3,False
2024-01-21,27,1,6,1,3,False
2024-01-28,22,1,4,0,3,False
2024-02-04,13,1,3,2,2,False
2024-02-11,20,2,4,0,3,False
2024-02-18,36,3,6,1,3,False
2024-02-25,37,3,8,1,4,False
2024-03-03,39,2,7,1,2,False
2024-03-10,42,2,8,1,4,False
2024-03-17,41,2,11,1,3,False
2024-03-24,40,2,9,1,3,False
2024-03-31,41,2,9,1,3,False
2024-04-07,42,2,10,1,3,False
2024-04-14,39,2,10,1,2,False
2024-04-21,42,3,9,1,3,False
2024-04-28,36,2,10,1,2,False
2024-05-05,47,2,13,1,3,False
2024-05-12,45,2,12,1,3,False
2024-05-19,41,2,14,0,2,False
2024-05-26,38,2,9,1,3,False
2024-06-02,38,2,8,1,3,False
2024-06-09,42,2,8,1,3,False
2024-06-16,37,1,7,1,2,False
2024-06-23,45,2,7,1,2,False
2024-06-30,52,1,6,1,3,False
2024-07-07,43,2,5,1,3,False
2024-07-14,75,2,7,1,3,False
2024-07-21,64,2,7,0,3,False
2024-07-28,44,2,5,1,2,False
2024-08-04,33,2,6,1,2,False
2024-08-11,39,2,6,1,2,False
2024-08-18,65,2,6,1,3,False
2024-08-25,39,1,6,0,2,False
2024-09-01,33,2,6,0,2,False
2024-09-08,49,2,8,0,2,False
2024-09-15,43,2,7,1,2,False
2024-09-22,40,2,9,1,3,False
2024-09-29,42,2,10,0,3,False
2024-10-06,39,2,11,1,2,False
2024-10-13,43,2,12,1,2,False
2024-10-20,55,2,14,1,2,False
2024-10-27,78,2,15,1,2,False
2024-11-03,65,1,12,1,3,False
2024-11-10,41,2,9,1,3,False
2024-11-17,34,1,7,1,2,False
2024-11-24,37,3,9,1,2,False
2024-12-01,36,1,8,1,2,False
2024-12-08,39,2,8,1,2,False
2024-12-15,46,1,9,1,2,False
2024-12-22,49,1,10,0,2,False
2024-12-29,38,2,7,1,3,False
2025-01-05,35,1,8,0,2,False
2025-01-12,25,1,5,0,3,False
2025-01-19,18,1,4,0,3,False
2025-01-26,13,1,2,0,3,False
2025-02-02,29,2,5,1,3,False
2025-02-09,35,3,6,1,3,False
2025-02-16,39,4,6,0,3,False
2025-02-23,41,2,7,0,3,False
2025-03-02,39,2,7,1,3,False
2025-03-09,37,2,8,1,3,False
2025-03-16,39,2,9,1,3,False
2025-03-23,37,2,12,1,4,False
2025-03-30,36,1,7,1,3,False
2025-04-06,33,2,7,1,3,False
2025-04-13,36,2,8,1,3,False
2025-04-20,37,2,9,1,3,False
2025-04-27,23,1,7,1,3,False
2025-05-04,37,2,10,1,3,False
2025-05-11,36,1,9,1,3,False
2025-05-18,34,2,5,0,4,False
2025-05-25,30,1,5,1,4,False
2025-06-01,35,2,5,0,3,False
2025-06-08,32,2,6,1,4,False
2025-06-15,35,2,5,0,5,False
2025-06-22,39,2,5,0,5,False
2025-06-29,48,2,5,1,4,False
2025-07-06,39,2,5,0,2,False
2025-07-13,80,2,5,1,2,False
2025-07-20,67,3,5,1,2,False
2025-07-27,46,3,5,1,2,False
2025-08-03,32,3,5,0,2,False
2025-08-10,29,2,5,0,2,False
2025-08-17,65,3,6,0,2,False
2025-08-24,59,2,5,1,2,False
2025-08-31,38,3,5,1,2,False
2025-09-07,45,3,6,0,2,False
2025-09-14,41,2,8,1,2,False
2025-09-21,43,2,9,0,2,False
2025-09-28,37,2,8,1,2,False
2025-10-05,42,3,8,0,2,False
2025-10-12,49,2,9,0,1,False
2025-10-19,53,2,10,1,1,False
2025-10-26,69,3,12,1,3,False
2025-11-02,63,2,10,1,3,False
2025-11-09,41,2,9,1,4,False
2025-11-16,35,3,7,0,3,False
2025-11-23,36,3,8,0,4,False
2025-11-30,37,9,7,0,4,False
2025-12-07,36,7,8,1,4,False
2025-12-14,45,4,10,1,3,False
2025-12-21,47,2,9,1,3,False
2025-12-28,38,2,8,0,2,False
2026-01-04,34,2,12,0,3,False
2026-01-11,28,2,7,0,5,False
2026-01-18,28,2,5,0,4,False
2026-01-25,27,2,7,0,4,False
2026-02-01,26,1,6,0,4,False
2026-02-08,16,1,3,0,4,False
2026-02-15,12,1,3,0,6,False
2026-02-22,30,3,6,0,5,False
2026-03-01,35,2,6,1,4,False
2026-03-08,34,2,9,1,5,False
2026-03-15,37,2,9,1,5,False
2026-03-22,35,2,9,1,6,False
2026-03-29,39,2,8,1,6,False
2026-04-05,38,1,8,1,7,False
2026-04-12,41,2,10,1,6,False
2026-04-19,39,2,11,1,6,False
2026-04-26,33,2,8,1,4,False
2026-05-03,40,2,11,1,5,False
2026-05-10,38,2,9,1,6,False
2026-05-17,37,2,7,1,5,False
2026-05-24,38,2,7,1,5,False
2026-05-31,45,2,8,1,7,False
2026-06-07,47,2,7,1,7,False
2026-06-14,54,2,6,1,4,False
2026-06-21,35,2,5,0,6,False
2026-06-28,65,2,5,1,7,False
2026-07-05,63,2,6,1,6,False
2026-07-12,43,2,6,1,6,False
2026-07-19,23,1,4,0,16,False
2026-07-26,24,2,5,1,8,False
2026-08-02,28,2,4,0,7,False
2026-08-09,74,1,5,1,10,False
2026-08-16,40,2,5,1,12,False
2026-08-23,30,2,6,0,5,False
2026-08-30,25,2,4,0,21,False
2026-09-06,32,2,7,1,22,False
2026-09-13,37,2,8,1,18,False
2026-09-20,32,3,10,0,4,False
2026-09-27,35,2,11,1,2,False
2026-10-04,38,2,11,1,2,True
