date,Công nghệ thông tin,Khoa học máy tính,Kỹ thuật phần mềm,Trí tuệ nhân tạo,Khoa học dữ liệu,isPartial
2025-10-05,56,10,4,26,6,False
2025-10-12,67,10,3,23,6,False
2025-10-19,71,12,4,27,8,False
2025-10-26,92,18,5,31,11,False
2025-11-02,84,16,6,27,10,False
2025-11-09,55,10,3,25,6,False
2025-11-16,47,7,3,22,7,False
2025-11-23,48,9,3,22,5,False
2025-11-30,50,8,3,19,5,False
2025-12-07,49,8,2,23,5,False
2025-12-14,60,9,4,22,6,False
2025-12-21,63,12,5,22,8,False
2025-12-28,50,9,4,17,6,False
2026-01-04,46,7,4,17,7,False
2026-01-11,37,5,2,15,4,False
2026-01-18,36,6,2,14,3,False
2026-01-25,36,6,1,15,4,False
2026-02-01,35,7,2,14,3,False
2026-02-08,22,3,1,7,2,False
2026-02-15,16,3,1,5,3,False
2026-02-22,41,7,2,14,4,False
2026-03-01,48,7,2,18,4,False
2026-03-08,46,8,4,19,5,False
2026-03-15,49,8,3,19,6,False
2026-03-22,47,7,2,19,5,False
2026-03-29,52,9,2,22,5,False
2026-04-05,50,8,3,22,5,False
2026-04-12,55,9,3,21,7,False
2026-04-19,52,11,4,23,8,False
2026-04-26,44,9,2,19,5,False
2026-05-03,53,10,3,27,7,False
2026-05-10,51,6,3,23,7,False
2026-05-17,50,8,4,23,7,False
2026-05-24,52,7,3,20,8,False
2026-05-31,61,8,3,24,8,False
2026-06-07,63,10,3,27,7,False
2026-06-14,72,11,4,18,10,False
2026-06-21,46,8,3,13,7,False
2026-06-28,87,20,6,17,13,False
2026-07-05,85,18,7,20,16,False
2026-07-12,58,11,4,16,8,False
2026-07-19,31,4,2,11,3,False
2026-07-26,33,7,2,11,4,False
2026-08-02,38,6,2,14,6,False
2026-08-09,100,18,5,24,14,False
2026-08-16,54,10,4,19,7,False
2026-08-23,40,8,3,20,6,False
2026-08-30,32,6,3,17,4,False
2026-09-06,44,13,3,26,6,False
2026-09-13,50,11,3,38,7,False
2026-09-20,43,10,2,28,7,False
2026-09-27,47,9,3,30,8,False
2026-10-04,51,10,3,30,7,True
