date,Công nghệ thông tin,Kỹ thuật máy tính,Mạng máy tính,isPartial
2026-07-08,74,9,15,False
2026-07-09,59,9,11,False
2026-07-10,54,8,10,False
2026-07-11,57,7,11,False
2026-07-12,53,7,10,False
2026-07-13,80,10,17,False
2026-07-14,51,4,11,False
2026-07-15,37,5,12,False
2026-07-16,36,5,11,False
2026-07-17,30,4,13,False
2026-07-18,24,0,9,False
2026-07-19,17,0,0,False
2026-07-20,27,0,8,False
2026-07-21,23,0,9,False
2026-07-22,26,0,9,False
2026-07-23,25,4,12,False
2026-07-24,26,0,9,False
2026-07-25,23,0,6,False
2026-07-26,21,0,9,False
2026-07-27,29,0,12,False
2026-07-28,34,0,10,False
2026-07-29,25,0,8,False
2026-07-30,28,0,11,False
2026-07-31,27,0,15,False
2026-08-01,24,0,11,False
2026-08-02,23,0,6,False
2026-08-03,23,0,11,False
2026-08-04,43,0,16,False
2026-08-05,37,4,13,False
2026-08-06,29,0,10,False
2026-08-07,28,6,8,False
2026-08-08,35,0,10,False
2026-08-09,86,9,10,False
2026-08-10,100,13,13,False
2026-08-11,88,9,17,False
2026-08-12,76,11,14,False
2026-08-13,66,7,14,False
2026-08-14,68,7,10,False
2026-08-15,42,9,11,False
2026-08-16,37,0,12,False
2026-08-17,51,5,14,False
2026-08-18,44,5,14,False
2026-08-19,41,5,15,False
2026-08-20,48,5,17,False
2026-08-21,40,0,10,False
2026-08-22,35,4,22,False
2026-08-23,34,0,13,False
2026-08-24,44,5,16,False
2026-08-25,37,4,17,False
2026-08-26,28,0,15,False
2026-08-27,28,5,12,False
2026-08-28,30,0,10,False
2026-08-29,25,0,11,False
2026-08-30,20,0,9,False
2026-08-31,21,0,9,False
2026-09-01,14,0,10,False
2026-09-02,22,0,9,False
2026-09-03,34,0,13,False
2026-09-04,39,0,15,False
2026-09-05,26,4,9,False
2026-09-06,23,4,11,False
2026-09-07,35,4,17,False
2026-09-08,41,7,18,False
2026-09-09,38,4,17,False
2026-09-10,35,6,13,False
2026-09-11,38,7,22,False
2026-09-12,34,5,17,False
2026-09-13,25,0,12,False
2026-09-14,41,4,18,False
2026-09-15,48,7,15,False
2026-09-16,51,6,17,False
2026-09-17,37,5,21,False
2026-09-18,35,0,15,False
2026-09-19,14,0,0,False
2026-09-20,24,0,0,False
2026-09-21,24,0,0,False
2026-09-22,29,0,23,False
2026-09-23,39,0,24,False
2026-09-24,38,4,20,False
2026-09-25,34,5,19,False
2026-09-26,27,3,15,False
2026-09-27,31,4,17,False
2026-09-28,41,5,26,False
2026-09-29,38,5,22,False
2026-09-30,42,6,23,False
2026-10-01,39,6,22,False
2026-10-02,35,5,21,False
2026-10-03,27,3,17,False
2026-10-04,30,4,17,False
2026-10-05,39,5,25,False
2026-10-06,42,5,25,False
2026-10-07,38,5,24,False
2026-10-08,43,5,29,True
