date,Công nghệ thông tin,Khoa học Tự nhiên,PTIT,Bưu chính Viễn thông,HCMUTE,isPartial
2021-10-03,23,36,3,4,2,False
2021-10-10,25,42,4,3,2,False
2021-10-17,24,44,3,3,3,False
2021-10-24,22,42,4,4,3,False
2021-10-31,20,42,3,4,2,False
2021-11-07,21,40,3,3,2,False
2021-11-14,19,36,3,3,3,False
2021-11-21,18,35,2,2,2,False
2021-11-28,20,33,2,2,2,False
2021-12-05,18,34,3,2,2,False
2021-12-12,19,31,4,2,3,False
2021-12-19,19,31,4,2,3,False
2021-12-26,18,31,3,2,4,False
2022-01-02,25,35,6,4,4,False
2022-01-09,23,28,6,4,5,False
2022-01-16,18,27,4,3,11,False
2022-01-23,16,20,2,4,6,False
2022-01-30,15,8,2,3,4,False
2022-02-06,30,33,10,7,4,False
2022-02-13,40,35,8,8,11,False
2022-02-20,39,37,6,9,6,False
2022-02-27,34,34,6,8,7,False
2022-03-06,35,33,5,8,5,False
2022-03-13,43,34,5,8,5,False
2022-03-20,40,36,5,8,4,False
2022-03-27,40,35,5,8,5,False
2022-04-03,41,37,6,7,6,False
2022-04-10,39,32,6,8,6,False
2022-04-17,39,33,7,8,5,False
2022-04-24,33,26,6,8,3,False
2022-05-01,31,27,5,8,3,False
2022-05-08,35,27,6,8,4,False
2022-05-15,33,19,7,8,4,False
2022-05-22,34,17,6,8,5,False
2022-05-29,37,20,7,9,8,False
2022-06-05,36,21,9,11,10,False
2022-06-12,36,23,8,11,14,False
2022-06-19,36,16,11,11,10,False
2022-06-26,40,25,9,12,9,False
2022-07-03,43,27,8,16,6,False
2022-07-10,50,25,10,20,7,False
2022-07-17,55,29,9,22,6,False
2022-07-24,78,40,11,40,6,False
2022-07-31,55,26,8,21,5,False
2022-08-07,45,22,7,19,7,False
2022-08-14,45,23,13,20,18,False
2022-08-21,29,16,7,7,13,False
2022-08-28,23,15,3,4,7,False
2022-09-04,28,77,5,5,8,False
2022-09-11,48,85,16,33,9,False
2022-09-18,43,73,13,12,16,False
2022-09-25,35,57,8,6,14,False
2022-10-02,29,65,8,5,8,False
2022-10-09,28,62,9,5,8,False
2022-10-16,26,62,8,6,6,False
2022-10-23,28,64,5,5,6,False
2022-10-30,27,67,5,5,9,False
2022-11-06,29,55,6,4,6,False
2022-11-13,24,44,5,3,7,False
2022-11-20,21,42,4,3,6,False
2022-11-27,22,39,5,2,6,False
2022-12-04,24,41,5,3,7,False
2022-12-11,22,39,7,3,9,False
2022-12-18,23,39,7,3,9,False
2022-12-25,24,43,6,3,13,False
2023-01-01,21,36,7,3,20,False
2023-01-08,19,24,6,3,12,False
2023-01-15,12,12,4,2,7,False
2023-01-22,16,11,5,4,5,False
2023-01-29,29,40,10,6,17,False
2023-02-05,33,40,8,7,10,False
2023-02-12,29,43,6,5,8,False
2023-02-19,30,45,8,5,7,False
2023-02-26,34,44,7,5,7,False
2023-03-05,31,40,6,5,6,False
2023-03-12,32,40,7,5,6,False
2023-03-19,32,39,8,5,5,False
2023-03-26,34,41,7,6,6,False
2023-04-02,34,48,8,7,6,False
2023-04-09,33,42,7,9,7,False
2023-04-16,32,42,7,9,5,False
2023-04-23,31,40,5,9,5,False
2023-04-30,28,32,6,10,5,False
2023-05-07,35,37,8,12,6,False
2023-05-14,36,27,10,11,7,False
2023-05-21,34,18,12,12,11,False
2023-05-28,35,22,11,11,10,False
2023-06-04,37,26,9,9,12,False
2023-06-11,35,25,20,20,16,False
2023-06-18,41,26,13,11,13,False
2023-06-25,48,35,8,15,13,False
2023-07-02,54,34,13,18,9,False
2023-07-09,42,25,12,13,7,False
2023-07-16,63,49,18,34,8,False
2023-07-23,55,33,11,21,7,False
2023-07-30,32,20,6,7,7,False
2023-08-06,27,18,5,5,8,False
2023-08-13,28,18,12,5,20,False
2023-08-20,52,40,24,36,21,False
2023-08-27,33,23,12,9,14,False
2023-09-03,31,87,9,7,16,False
2023-09-10,30,88,10,6,16,False
2023-09-17,30,70,11,5,13,False
2023-09-24,28,64,9,4,11,False
2023-10-01,28,67,9,3,10,False
2023-10-08,29,68,10,3,7,False
2023-10-15,26,65,8,4,8,False
2023-10-22,29,65,8,4,8,False
2023-10-29,31,67,7,4,9,False
2023-11-05,28,56,7,4,8,False
2023-11-12,24,51,6,3,7,False
2023-11-19,24,49,7,3,6,False
2023-11-26,26,54,7,3,9,False
2023-12-03,26,50,6,3,9,False
2023-12-10,26,49,8,4,11,False
2023-12-17,25,44,8,3,13,False
2023-12-24,24,54,10,3,19,False
2023-12-31,22,40,8,3,36,False
2024-01-07,25,34,7,3,29,False
2024-01-14,24,42,11,5,16,False
2024-01-21,21,42,14,4,10,False
2024-01-28,17,39,8,3,4,False
2024-02-04,10,10,4,3,2,False
2024-02-11,16,17,5,5,3,False
2024-02-18,28,48,9,6,7,False
2024-02-25,29,52,9,6,8,False
2024-03-03,31,46,9,7,8,False
2024-03-10,33,48,9,6,8,False
2024-03-17,32,47,10,7,7,False
2024-03-24,31,43,9,7,8,False
2024-03-31,32,42,9,8,9,False
2024-04-07,33,47,11,10,9,False
2024-04-14,30,47,15,11,8,False
2024-04-21,33,45,12,12,7,False
2024-04-28,28,39,12,11,7,False
2024-05-05,36,53,16,16,9,False
2024-05-12,35,36,19,14,9,False
2024-05-19,32,21,23,15,12,False
2024-05-26,29,20,22,13,12,False
2024-06-02,29,25,16,11,16,False
2024-06-09,33,32,27,14,22,False
2024-06-16,29,21,20,11,12,False
2024-06-23,35,30,14,14,10,False
2024-06-30,41,38,15,14,16,False
2024-07-07,33,25,13,10,7,False
2024-07-14,59,51,21,33,9,False
2024-07-21,50,39,18,24,8,False
2024-07-28,34,25,12,12,7,False
2024-08-04,26,20,8,5,9,False
2024-08-11,30,29,15,14,22,False
2024-08-18,51,43,38,38,28,False
2024-08-25,31,25,14,9,16,False
2024-09-01,26,43,12,6,13,False
2024-09-08,39,99,18,6,13,False
2024-09-15,33,86,13,5,10,False
2024-09-22,31,83,11,4,10,False
2024-09-29,33,77,10,4,11,False
2024-10-06,30,78,12,4,9,False
2024-10-13,34,77,12,3,9,False
2024-10-20,43,83,11,3,9,False
2024-10-27,61,77,11,4,7,False
2024-11-03,51,81,10,4,8,False
2024-11-10,32,63,9,3,7,False
2024-11-17,27,57,11,5,11,False
2024-11-24,29,66,10,4,10,False
2024-12-01,28,63,12,3,13,False
2024-12-08,30,61,12,4,13,False
2024-12-15,36,60,12,5,14,False
2024-12-22,38,62,12,5,17,False
2024-12-29,30,55,10,4,36,False
2025-01-05,27,46,6,4,27,False
2025-01-12,20,37,8,4,13,False
2025-01-19,14,24,6,3,5,False
2025-01-26,10,9,5,3,4,False
2025-02-02,22,47,16,5,6,False
2025-02-09,28,54,15,5,12,False
2025-02-16,30,51,10,5,9,False
2025-02-23,32,53,11,6,8,False
2025-03-02,30,52,11,5,8,False
2025-03-09,29,50,13,5,9,False
2025-03-16,31,50,13,5,8,False
2025-03-23,29,45,12,5,8,False
2025-03-30,28,46,11,5,7,False
2025-04-06,26,43,11,6,6,False
2025-04-13,28,48,11,6,8,False
2025-04-20,28,49,10,7,6,False
2025-04-27,18,30,6,5,6,False
2025-05-04,29,45,13,8,12,False
2025-05-11,28,33,16,9,12,False
2025-05-18,27,21,17,10,15,False
2025-05-25,23,18,16,9,15,False
2025-06-01,27,23,18,11,17,False
2025-06-08,25,29,27,13,23,False
2025-06-15,27,27,22,11,15,False
2025-06-22,31,28,22,16,12,False
2025-06-29,37,35,28,20,15,False
2025-07-06,30,27,24,11,12,False
2025-07-13,63,56,36,34,23,False
2025-07-20,52,50,37,38,18,False
2025-07-27,36,27,17,16,12,False
2025-08-03,25,20,11,5,12,False
2025-08-10,23,20,16,6,24,False
2025-08-17,51,60,57,45,39,False
2025-08-24,46,42,48,27,24,False
2025-08-31,29,28,23,10,17,False
2025-09-07,35,100,22,7,16,False
2025-09-14,32,93,19,6,13,False
2025-09-21,33,84,14,5,12,False
2025-09-28,29,78,14,4,12,False
2025-10-05,33,74,14,4,11,False
2025-10-12,39,81,15,4,12,False
2025-10-19,42,76,13,4,14,False
2025-10-26,54,83,15,4,19,False
2025-11-02,49,73,14,4,18,False
2025-11-09,32,56,15,5,12,False
2025-11-16,27,49,12,3,10,False
2025-11-23,28,59,17,5,8,False
2025-11-30,29,58,18,5,7,False
2025-12-07,28,56,17,4,6,False
2025-12-14,35,49,16,4,7,False
2025-12-21,36,52,18,5,8,False
2025-12-28,29,45,12,3,9,False
2026-01-04,27,47,14,4,14,False
2026-01-11,22,37,17,5,19,False
2026-01-18,22,40,14,4,15,False
2026-01-25,21,47,13,4,11,False
2026-02-01,20,42,10,4,8,False
2026-02-08,13,19,5,2,4,False
2026-02-15,10,10,4,3,3,False
2026-02-22,24,44,11,5,7,False
2026-03-01,28,45,13,4,10,False
2026-03-08,27,44,12,5,8,False
2026-03-15,29,44,14,6,8,False
2026-03-22,27,40,13,6,8,False
2026-03-29,30,40,15,7,8,False
2026-04-05,29,41,13,7,9,False
2026-04-12,32,44,13,7,12,False
2026-04-19,30,41,13,8,13,False
2026-04-26,26,30,11,6,10,False
2026-05-03,31,38,19,23,12,False
2026-05-10,30,32,19,11,9,False
2026-05-17,29,29,23,13,9,False
2026-05-24,30,27,27,13,12,False
2026-05-31,35,33,31,14,14,False
2026-06-07,37,29,32,14,14,False
2026-06-14,42,37,42,22,22,False
2026-06-21,27,23,22,9,10,False
2026-06-28,51,42,36,25,22,False
2026-07-05,49,43,33,23,18,False
2026-07-12,34,25,19,13,11,False
2026-07-19,18,14,9,4,6,False
2026-07-26,19,15,11,5,7,False
2026-08-02,22,16,11,4,8,False
2026-08-09,58,55,83,45,43,False
2026-08-16,31,24,31,12,24,False
2026-08-23,23,20,36,7,18,False
2026-08-30,19,18,18,6,12,False
2026-09-06,25,73,23,5,13,False
2026-09-13,29,65,20,5,9,False
2026-09-20,25,46,18,4,11,False
2026-09-27,28,55,17,5,11,False
2026-10-04,29,57,16,3,10,True
