geoName,geoCode,Công nghệ thông tin,Khoa học máy tính,Kỹ thuật phần mềm,Trí tuệ nhân tạo,Khoa học dữ liệu,An toàn thông tin,Hệ thống thông tin,Thiết kế vi mạch,Vi mạch bán dẫn,Kỹ thuật máy tính,Mạng máy tính
An Giang,VN-44,68,10,5,13,4,13,23,1,0,5,31
Bà Rịa - Vũng Tàu,VN-43,67,10,3,15,5,17,20,1,1,6,33
Bình Dương,VN-57,68,9,4,14,5,14,26,2,0,6,32
Bình Phước,VN-58,68,9,4,14,5,16,26,0,0,5,34
Bình Thuận,VN-40,67,11,3,14,5,16,23,1,0,5,33
Bình Định,VN-31,69,9,4,13,5,13,22,1,1,5,30
Bạc Liêu,VN-55,70,10,3,13,4,15,23,1,0,5,28
Bắc Giang,VN-54,68,9,3,16,4,16,25,0,1,5,35
Bắc Kạn,VN-53,78,4,3,12,3,19,21,0,0,3,33
Bắc Ninh,VN-56,67,9,3,17,4,16,23,0,1,5,36
Bến Tre,VN-50,67,11,3,15,4,16,25,0,0,5,34
Cao Bằng,VN-04,74,7,2,14,3,17,28,0,0,2,35
Cà Mau,VN-59,68,9,4,15,4,16,24,1,1,5,35
Cần Thơ,VN-CT,64,10,6,15,5,13,23,1,1,6,26
Gia Lai,VN-30,70,9,3,13,5,15,23,1,1,6,32
Hà Giang,VN-03,68,8,4,16,4,18,30,0,0,5,34
Hà Nam,VN-63,62,12,4,17,5,14,31,0,0,6,37
Hà Nội,VN-HN,65,8,3,18,6,18,26,0,1,5,32
Hà Tĩnh,VN-23,66,11,2,16,5,16,29,0,0,5,34
Hòa Bình,VN-14,68,8,3,17,4,16,27,0,1,4,39
Hưng Yên,VN-66,62,12,5,16,5,13,35,1,1,7,40
Hải Dương,VN-61,63,12,3,17,5,15,29,0,1,6,38
Hải Phòng,VN-HP,66,8,3,19,4,15,27,0,1,5,41
Hậu Giang,VN-73,68,9,5,14,4,19,23,0,0,5,36
Hồ Chí Minh,VN-SG,65,9,4,16,6,13,30,1,0,6,28
Khánh Hòa,VN-34,71,8,3,14,4,12,24,1,0,5,28
Kon Tum,VN-28,65,8,3,19,5,21,26,1,0,6,35
Lai Châu,VN-01,71,6,3,17,3,17,24,0,0,4,33
Long An,VN-41,72,8,4,12,4,13,24,1,0,5,26
Lào Cai,VN-02,69,8,2,17,4,16,24,0,0,4,37
Lâm Đồng,VN-35,68,9,3,15,5,16,23,1,0,5,30
Lạng Sơn,VN-09,72,6,3,16,3,16,26,0,0,4,36
Nam Định,VN-67,66,10,3,16,5,13,23,0,1,6,30
Nghệ An,VN-22,71,10,2,13,4,16,24,0,1,5,33
Ninh Bình,VN-18,65,10,3,17,5,16,26,0,0,6,36
Ninh Thuận,VN-36,67,11,3,15,4,15,24,0,0,5,32
Phú Thọ,VN-68,65,9,3,19,4,17,25,0,1,5,39
Phú Yên,VN-32,67,12,3,13,5,14,25,1,0,6,34
Quảng Bình,VN-24,68,8,4,15,5,17,28,0,0,5,37
Quảng Nam,VN-27,73,8,3,12,4,13,20,1,1,5,27
Quảng Ngãi,VN-29,66,12,3,14,5,17,27,1,1,5,37
Quảng Ninh,VN-13,68,9,3,16,4,17,25,0,0,5,35
Quảng Trị,VN-25,66,11,3,15,5,17,30,1,1,6,39
Sóc Trăng,VN-52,66,11,4,15,4,17,27,0,0,5,36
Sơn La,VN-05,69,8,3,17,3,17,30,0,0,5,40
Thanh Hoá,VN-21,69,9,3,15,4,14,32,0,1,6,30
Thái Bình,VN-20,68,10,3,14,5,13,24,0,1,6,32
Thái Nguyên,VN-69,78,6,2,12,2,10,20,0,0,4,26
Thừa Thiên Huế,VN-26,67,8,3,16,6,10,28,1,0,4,29
Tiền Giang,VN-46,72,9,3,12,4,14,21,1,1,4,28
Trà Vinh,VN-51,70,10,3,13,4,15,23,0,1,5,31
Tuyên Quang,VN-07,66,9,3,17,5,19,27,0,1,5,40
Tây Ninh,VN-37,71,10,3,12,4,14,25,0,0,4,35
Vĩnh Long,VN-49,67,9,4,15,5,16,23,1,0,5,31
Vĩnh Phúc,VN-70,66,9,3,18,4,15,25,0,1,5,38
Yên Bái,VN-06,70,6,4,16,4,21,25,0,0,5,38
tỉnh Kiên Giang,VN-47,70,9,3,14,4,17,23,0,0,6,32
Điện Biên,VN-71,71,10,3,13,3,19,26,1,0,5,36
Đà Nẵng,VN-DN,68,8,4,15,5,10,34,1,2,5,31
Đăk Nông,VN-72,67,9,3,15,6,17,24,0,1,5,35
Đắk Lắk,VN-33,71,8,3,14,4,15,21,0,0,5,34
Đồng Nai,VN-39,71,9,3,13,4,12,22,1,0,5,37
Đồng Tháp,VN-45,68,10,4,13,5,13,23,0,1,6,28
