geoName,geoCode,Công nghệ thông tin,UIT,Đại học Công nghệ Thông tin,Đại học FPT,HUST,Bách Khoa Hà Nội,HCMUT,Bách Khoa TP.HCM,HCMUS,Khoa học Tự nhiên,PTIT,Bưu chính Viễn thông,HCMUTE,Sư phạm Kỹ thuật,UET,Đại học Công nghệ ĐHQGHN
An Giang,VN-44,54,11,17,16,2,3,5,0,17,60,1,3,6,29,0,0
Bà Rịa - Vũng Tàu,VN-43,50,15,15,15,5,8,14,1,17,50,2,4,14,47,1,0
Bình Dương,VN-57,32,49,9,7,3,2,32,0,43,30,3,2,43,44,2,0
Bình Phước,VN-58,52,13,18,14,3,6,8,0,17,51,2,5,11,38,1,0
Bình Thuận,VN-40,53,13,18,13,3,5,8,1,17,57,2,4,9,39,1,0
Bình Định,VN-31,51,14,14,18,3,5,7,0,15,61,2,3,7,38,1,0
Bạc Liêu,VN-55,53,10,18,17,2,4,5,0,15,63,1,3,4,27,1,0
Bắc Giang,VN-54,46,1,14,14,25,46,0,0,0,45,11,13,0,6,20,0
Bắc Kạn,VN-53,61,0,20,9,10,17,0,0,0,49,4,6,0,4,6,0
Bắc Ninh,VN-56,38,2,11,13,36,49,0,0,0,39,14,16,0,9,25,0
Bến Tre,VN-50,52,13,19,14,2,3,10,0,21,60,1,3,10,43,1,0
Cao Bằng,VN-04,61,4,15,11,9,20,0,0,0,49,4,7,0,4,5,0
Cà Mau,VN-59,54,9,17,18,2,5,5,0,12,70,1,2,3,26,1,0
Cần Thơ,VN-CT,49,6,12,31,2,5,5,0,10,45,1,3,3,16,1,0
Gia Lai,VN-30,50,13,16,14,7,12,6,0,11,54,3,4,6,30,3,0
Hà Giang,VN-03,57,7,12,15,9,26,0,0,0,53,5,8,0,4,8,0
Hà Nam,VN-63,35,1,13,18,33,55,0,0,0,49,13,16,0,16,23,0
Hà Nội,VN-HN,25,1,5,9,60,49,0,0,1,26,36,12,0,4,42,0
Hà Tĩnh,VN-23,45,4,14,13,24,42,1,0,2,52,8,10,1,27,15,0
Hòa Bình,VN-14,49,1,12,17,21,39,0,0,0,43,12,14,0,6,26,0
Hưng Yên,VN-66,33,1,10,16,40,53,0,0,0,55,13,12,0,56,13,0
Hải Dương,VN-61,36,1,11,15,37,54,0,0,0,45,13,15,0,26,20,0
Hải Phòng,VN-HP,41,2,10,12,35,51,0,0,1,55,8,9,0,6,20,0
Hậu Giang,VN-73,54,5,15,24,2,5,3,1,10,65,0,2,3,20,1,0
Hồ Chí Minh,VN-SG,44,27,14,12,3,3,23,0,35,33,4,4,29,36,1,0
Khánh Hòa,VN-34,53,16,17,10,4,8,8,0,16,45,3,5,7,26,1,0
Kon Tum,VN-28,54,10,15,16,5,12,3,0,10,46,3,5,7,34,0,0
Lai Châu,VN-01,60,2,12,14,12,27,0,0,0,40,6,9,0,7,6,0
Long An,VN-41,53,14,17,14,2,3,12,1,22,48,2,4,14,39,1,0
Lào Cai,VN-02,53,3,12,15,17,32,0,0,0,50,8,9,0,6,13,0
Lâm Đồng,VN-35,51,15,17,14,3,7,8,0,17,52,2,5,8,31,1,0
Lạng Sơn,VN-09,55,2,14,14,15,28,0,0,0,44,7,9,0,4,11,0
Nam Định,VN-67,39,1,14,16,30,55,0,0,0,40,15,22,0,19,22,0
Nghệ An,VN-22,53,2,13,11,21,40,0,0,1,49,8,9,0,20,13,0
Ninh Bình,VN-18,40,3,13,19,25,49,0,0,0,46,13,16,0,11,21,0
Ninh Thuận,VN-36,54,11,18,14,3,5,8,1,14,50,2,5,8,39,0,0
Phú Thọ,VN-68,43,2,13,17,25,44,0,0,0,47,11,14,0,6,21,0
Phú Yên,VN-32,50,17,18,12,3,6,8,0,16,56,2,4,10,40,1,0
Quảng Bình,VN-24,48,10,16,16,10,23,3,0,5,61,3,5,1,25,4,0
Quảng Nam,VN-27,54,11,15,17,3,6,4,0,9,51,1,2,3,32,1,0
Quảng Ngãi,VN-29,51,13,18,15,3,7,7,1,15,56,2,4,9,50,1,0
Quảng Ninh,VN-13,49,1,12,16,22,36,0,0,0,49,8,11,0,7,16,0
Quảng Trị,VN-25,48,14,16,15,7,17,5,0,11,57,2,4,4,32,3,0
Sóc Trăng,VN-52,50,8,16,24,2,4,6,0,14,64,1,3,4,24,1,0
Sơn La,VN-05,58,3,13,14,12,26,0,0,0,62,4,7,0,7,8,0
Thanh Hoá,VN-21,43,1,13,14,29,52,0,0,0,49,10,16,0,9,19,0
Thái Bình,VN-20,40,1,14,15,30,52,0,0,0,39,16,19,0,11,24,1
Thái Nguyên,VN-69,58,0,21,7,14,21,0,0,0,37,6,7,0,3,8,0
Thừa Thiên Huế,VN-26,59,8,15,12,6,10,4,0,8,52,1,2,2,16,2,0
Tiền Giang,VN-46,53,14,17,14,2,3,10,0,21,51,1,3,13,44,0,0
Trà Vinh,VN-51,58,9,17,15,1,2,5,0,13,56,1,2,5,30,0,0
Tuyên Quang,VN-07,51,2,16,17,14,32,0,0,0,50,6,10,0,5,9,0
Tây Ninh,VN-37,53,12,19,14,2,4,10,0,21,47,2,5,13,37,1,0
Vĩnh Long,VN-49,54,11,15,18,2,3,8,0,14,49,1,4,7,59,0,0
Vĩnh Phúc,VN-70,39,1,12,17,31,50,0,0,0,43,14,15,0,5,29,0
Yên Bái,VN-06,49,1,14,16,20,36,0,0,0,49,7,11,0,6,11,0
tỉnh Kiên Giang,VN-47,55,9,17,17,2,4,5,0,12,64,1,3,4,27,1,0
Điện Biên,VN-71,62,1,13,15,9,27,0,0,0,47,5,8,0,5,5,0
Đà Nẵng,VN-DN,56,6,12,21,5,11,4,0,4,47,2,2,2,33,1,0
Đăk Nông,VN-72,51,12,17,15,5,11,5,0,12,54,2,6,7,30,2,0
Đắk Lắk,VN-33,55,12,16,13,4,10,6,0,11,52,3,5,6,27,2,0
Đồng Nai,VN-39,50,19,16,12,3,4,12,1,23,47,2,4,18,44,1,0
Đồng Tháp,VN-45,56,9,17,16,2,3,5,0,18,55,1,3,9,36,0,0
