date,Công nghệ thông tin,Điểm chuẩn đại học,Điểm chuẩn CNTT,Điểm chuẩn UIT,Điểm chuẩn Bách Khoa,Điểm chuẩn FPT,Xét tuyển đại học,Thi tốt nghiệp THPT,Nguyện vọng đại học,Phổ điểm đại học
2021-10-03,2.0,3.0,0.0,0.0,0.0,0.0,0.82,0.27,0.0,0.07
2021-10-10,2.0,2.0,0.0,0.0,0.0,0.0,0.55,0.27,0.0,0.07
2021-10-17,2.0,2.0,0.0,0.0,0.0,0.0,0.55,0.27,0.0,0.07
2021-10-24,2.0,2.0,0.0,0.0,0.0,0.0,0.55,0.27,0.0,0.13
2021-10-31,2.0,2.0,0.0,0.0,0.0,0.0,0.27,0.27,0.0,0.2
2021-11-07,2.0,2.0,0.0,0.0,0.0,0.0,0.55,0.27,0.0,0.2
2021-11-14,2.0,2.0,0.0,0.0,0.0,0.0,0.55,0.27,0.0,0.27
2021-11-21,2.0,2.0,0.0,0.0,0.0,0.0,0.55,0.27,0.0,0.2
2021-11-28,2.0,1.0,0.0,0.0,0.0,0.0,0.55,0.27,0.0,0.13
2021-12-05,2.0,2.0,0.0,0.0,0.0,0.0,0.55,0.27,0.0,0.13
2021-12-12,2.0,2.0,0.0,0.0,0.0,0.0,0.55,0.27,0.0,0.13
2021-12-19,2.0,1.0,0.0,0.0,0.0,0.0,0.55,0.27,0.0,0.2
2021-12-26,2.0,2.0,0.0,0.0,0.0,0.0,0.55,0.27,0.0,0.2
2022-01-02,2.0,3.0,0.0,0.0,0.0,0.0,1.09,0.27,0.0,0.27
2022-01-09,2.0,3.0,0.0,0.0,0.0,0.0,1.36,0.27,0.0,0.2
2022-01-16,2.0,3.0,0.0,0.0,0.0,0.0,1.36,0.27,0.0,0.13
2022-01-23,1.0,3.0,0.0,0.0,0.0,0.0,1.09,0.27,0.0,0.07
2022-01-30,1.0,3.0,0.0,0.0,0.0,0.27,0.82,0.27,0.0,0.0
2022-02-06,2.0,6.0,0.0,0.0,1.0,0.27,2.18,0.55,0.27,0.07
2022-02-13,3.0,7.0,0.0,0.0,1.0,0.27,3.27,0.55,0.27,0.13
2022-02-20,3.0,8.0,0.0,0.0,1.0,0.27,3.55,0.55,0.27,0.13
2022-02-27,3.0,7.0,0.0,0.0,1.0,0.27,3.55,0.55,0.27,0.13
2022-03-06,3.0,5.0,0.0,0.0,0.0,0.27,3.27,0.55,0.27,0.2
2022-03-13,4.0,5.0,0.0,0.0,0.0,0.27,3.27,0.55,0.27,0.2
2022-03-20,3.0,5.0,0.0,0.0,0.0,0.27,2.73,0.55,0.0,0.2
2022-03-27,3.0,5.0,0.0,0.0,0.0,0.27,3.0,0.82,0.0,0.2
2022-04-03,3.0,6.0,0.0,0.0,1.0,0.27,3.27,0.82,0.27,0.27
2022-04-10,3.0,5.0,0.0,0.0,1.0,0.27,2.73,0.82,0.27,0.13
2022-04-17,3.0,5.0,0.0,0.0,0.0,0.27,3.0,1.09,0.27,0.13
2022-04-24,3.0,5.0,0.0,0.0,0.0,0.0,2.73,2.45,0.27,0.2
2022-05-01,3.0,5.0,0.0,0.0,0.0,0.27,3.0,4.64,0.27,0.2
2022-05-08,3.0,5.0,0.0,0.0,0.0,0.27,3.27,3.82,0.27,0.13
2022-05-15,3.0,5.0,0.0,0.0,0.0,0.27,2.73,1.64,0.27,0.13
2022-05-22,3.0,5.0,0.0,0.0,0.0,0.27,3.27,1.64,0.27,0.13
2022-05-29,3.0,6.0,0.0,0.0,1.0,0.27,4.64,1.91,0.27,0.13
2022-06-05,3.0,6.0,0.0,0.0,1.0,0.27,4.64,2.45,0.27,0.13
2022-06-12,3.0,7.0,0.0,0.0,1.0,0.27,4.64,2.45,0.27,0.13
2022-06-19,3.0,7.0,0.0,0.0,1.0,0.27,4.64,4.36,0.27,0.13
2022-06-26,3.0,10.0,0.0,0.0,1.0,0.27,5.18,4.09,0.27,0.2
2022-07-03,4.0,17.0,0.0,0.0,2.0,0.55,4.91,10.91,0.82,0.27
2022-07-10,4.0,18.0,0.0,0.0,2.0,0.55,5.45,3.0,1.09,0.2
2022-07-17,5.0,25.0,0.0,0.0,2.0,0.55,6.0,9.82,1.91,0.8
2022-07-24,7.0,52.0,1.0,0.0,4.0,1.36,7.36,6.0,2.73,1.13
2022-07-31,5.0,23.0,0.0,0.0,2.0,0.55,3.82,1.64,1.64,0.27
2022-08-07,4.0,16.0,0.0,0.0,1.0,0.55,2.18,1.09,1.36,0.13
2022-08-14,4.0,19.0,0.0,0.0,1.0,0.55,2.45,1.64,1.91,0.2
2022-08-21,2.0,7.0,0.0,0.0,1.0,0.27,1.64,1.64,1.09,0.07
2022-08-28,2.0,5.0,0.0,0.0,1.0,0.0,1.09,1.09,0.55,0.07
2022-09-04,2.0,6.0,0.0,0.0,0.0,0.0,0.82,0.55,0.27,0.07
2022-09-11,4.0,58.0,0.0,0.0,5.0,0.82,4.91,1.64,1.09,0.13
2022-09-18,4.0,14.0,0.0,0.0,2.0,0.27,3.27,1.09,0.55,0.07
2022-09-25,3.0,5.0,0.0,0.0,1.0,0.27,1.64,0.55,0.0,0.07
2022-10-02,2.0,4.0,0.0,0.0,0.0,0.27,1.09,0.27,0.0,0.07
2022-10-09,2.0,3.0,0.0,0.0,0.0,0.0,0.55,0.27,0.0,0.07
2022-10-16,2.0,2.0,0.0,0.0,0.0,0.0,0.55,0.27,0.0,0.07
2022-10-23,2.0,2.0,0.0,0.0,0.0,0.0,0.55,0.27,0.0,0.07
2022-10-30,2.0,2.0,0.0,0.0,0.0,0.0,0.55,0.27,0.0,0.07
2022-11-06,2.0,2.0,0.0,0.0,0.0,0.0,0.55,0.27,0.0,0.07
2022-11-13,2.0,2.0,0.0,0.0,0.0,0.0,0.27,0.27,0.0,0.07
2022-11-20,2.0,2.0,0.0,0.0,0.0,0.0,0.27,0.27,0.0,0.07
2022-11-27,2.0,2.0,0.0,0.0,0.0,0.0,0.55,0.27,0.0,0.07
2022-12-04,2.0,2.0,0.0,0.0,0.0,0.0,0.27,0.27,0.0,0.07
2022-12-11,2.0,2.0,0.0,0.0,0.0,0.0,0.55,0.27,0.0,0.07
2022-12-18,2.0,2.0,0.0,0.0,0.0,0.0,0.55,0.27,0.0,0.07
2022-12-25,2.0,2.0,0.0,0.0,0.0,0.0,0.55,0.27,0.0,0.07
2023-01-01,2.0,2.0,0.0,0.0,0.0,0.0,0.82,0.27,0.0,0.07
2023-01-08,2.0,2.0,0.0,0.0,0.0,0.0,0.82,0.27,0.0,0.07
2023-01-15,1.0,2.0,0.0,0.0,0.0,0.0,0.55,0.27,0.0,0.0
2023-01-22,1.0,4.0,0.0,0.0,0.0,0.0,0.82,0.27,0.0,0.0
2023-01-29,2.0,6.0,0.0,0.0,1.0,0.27,2.18,0.82,0.0,0.07
2023-02-05,3.0,6.0,0.0,0.0,1.0,0.27,2.45,0.55,0.0,0.07
2023-02-12,2.0,5.0,0.0,0.0,0.0,0.27,1.91,0.55,0.0,0.07
2023-02-19,3.0,5.0,0.0,0.0,0.0,0.27,2.18,0.82,0.0,0.13
2023-02-26,3.0,5.0,0.0,0.0,0.0,0.27,1.91,1.09,0.0,0.13
2023-03-05,3.0,4.0,0.0,0.0,0.0,0.0,1.64,0.55,0.0,0.13
2023-03-12,3.0,4.0,0.0,0.0,0.0,0.0,1.64,0.55,0.0,0.13
2023-03-19,3.0,4.0,0.0,0.0,0.0,0.0,1.91,0.55,0.27,0.13
2023-03-26,3.0,5.0,0.0,0.0,0.0,0.0,2.45,0.82,0.0,0.13
2023-04-02,3.0,6.0,0.0,0.0,1.0,0.27,2.73,1.09,0.27,0.27
2023-04-09,3.0,5.0,0.0,0.0,1.0,0.27,2.73,1.09,0.27,0.2
2023-04-16,3.0,5.0,0.0,0.0,0.0,0.0,2.45,1.09,0.27,0.2
2023-04-23,3.0,5.0,0.0,0.0,1.0,0.0,2.45,3.27,0.27,0.2
2023-04-30,2.0,6.0,0.0,0.0,1.0,0.27,3.27,5.45,0.27,0.13
2023-05-07,3.0,7.0,0.0,0.0,1.0,0.27,3.82,5.18,0.27,0.2
2023-05-14,3.0,7.0,0.0,0.0,1.0,0.27,4.09,2.45,0.27,0.13
2023-05-21,3.0,7.0,0.0,0.0,1.0,0.27,4.64,2.45,0.27,0.13
2023-05-28,3.0,9.0,0.0,0.0,1.0,0.27,4.91,2.45,0.27,0.13
2023-06-04,3.0,11.0,0.0,0.0,1.0,0.27,5.18,4.36,0.27,0.2
2023-06-11,3.0,11.0,0.0,0.0,1.0,0.27,5.18,5.73,0.55,0.2
2023-06-18,3.0,14.0,0.0,0.0,1.0,0.27,5.18,5.45,0.55,0.2
2023-06-25,4.0,25.0,0.0,0.0,3.0,0.55,5.73,13.36,1.09,0.4
2023-07-02,5.0,26.0,0.0,0.0,3.0,0.55,6.0,3.27,1.91,0.27
2023-07-09,4.0,16.0,0.0,0.0,2.0,0.27,3.55,3.0,1.36,0.2
2023-07-16,5.0,59.0,1.0,0.0,6.0,1.36,7.09,12.27,3.0,1.2
2023-07-23,5.0,33.0,0.0,0.0,3.0,0.82,4.36,1.64,2.18,0.27
2023-07-30,3.0,12.0,0.0,0.0,1.0,0.27,2.73,1.91,1.36,0.13
2023-08-06,2.0,7.0,0.0,0.0,1.0,0.27,1.36,0.82,0.55,0.07
2023-08-13,2.0,8.0,0.0,0.0,1.0,0.0,1.09,0.55,0.27,0.07
2023-08-20,4.0,71.0,0.0,0.0,7.0,0.82,5.73,2.18,1.64,0.2
2023-08-27,3.0,10.0,0.0,0.0,1.0,0.27,2.18,0.55,0.27,0.07
2023-09-03,3.0,6.0,0.0,0.0,1.0,0.27,1.64,0.55,0.0,0.07
2023-09-10,3.0,5.0,0.0,0.0,1.0,0.27,1.09,0.55,0.0,0.07
2023-09-17,3.0,4.0,0.0,0.0,0.0,0.0,0.82,0.55,0.0,0.07
2023-09-24,2.0,3.0,0.0,0.0,0.0,0.0,0.55,0.27,0.0,0.07
2023-10-01,2.0,3.0,0.0,0.0,0.0,0.0,0.55,0.55,0.0,0.13
2023-10-08,2.0,2.0,0.0,0.0,0.0,0.0,0.55,0.27,0.0,0.07
2023-10-15,2.0,2.0,0.0,0.0,0.0,0.0,0.55,0.27,0.0,0.07
2023-10-22,2.0,2.0,0.0,0.0,0.0,0.0,0.55,0.27,0.0,0.13
2023-10-29,3.0,2.0,0.0,0.0,0.0,0.0,0.55,0.27,0.0,0.13
2023-11-05,2.0,2.0,0.0,0.0,0.0,0.0,0.55,0.27,0.0,0.07
2023-11-12,2.0,2.0,0.0,0.0,0.0,0.0,0.55,0.27,0.0,0.07
2023-11-19,2.0,2.0,0.0,0.0,0.0,0.27,0.55,0.27,0.0,0.07
2023-11-26,2.0,3.0,0.0,0.0,0.0,0.0,0.82,1.09,0.0,0.07
2023-12-03,2.0,2.0,0.0,0.0,0.0,0.0,0.82,0.55,0.0,0.07
2023-12-10,2.0,2.0,0.0,0.0,0.0,0.0,0.82,0.55,0.0,0.07
2023-12-17,2.0,2.0,0.0,0.0,0.0,0.0,0.55,0.27,0.0,0.07
2023-12-24,2.0,2.0,0.0,0.0,0.0,0.0,0.82,0.55,0.0,0.07
2023-12-31,2.0,3.0,0.0,0.0,0.0,0.0,1.09,0.55,0.0,0.07
2024-01-07,2.0,3.0,0.0,0.0,0.0,0.0,1.36,0.55,0.0,0.07
2024-01-14,2.0,3.0,0.0,0.0,0.0,0.0,1.64,0.55,0.0,0.07
2024-01-21,2.0,3.0,0.0,0.0,0.0,0.0,1.09,0.55,0.0,0.07
2024-01-28,1.0,2.0,0.0,0.0,0.0,0.0,0.82,0.27,0.0,0.0
2024-02-04,1.0,2.0,0.0,0.0,0.0,0.0,0.55,0.27,0.0,0.0
2024-02-11,1.0,4.0,0.0,0.0,0.0,0.0,1.36,0.27,0.0,0.07
2024-02-18,2.0,5.0,0.0,0.0,1.0,0.0,2.45,0.55,0.0,0.13
2024-02-25,2.0,5.0,0.0,0.0,1.0,0.27,2.45,0.82,0.0,0.13
2024-03-03,3.0,5.0,0.0,0.0,0.0,0.27,2.18,0.82,0.0,0.07
2024-03-10,3.0,4.0,0.0,0.0,0.0,0.0,2.18,0.82,0.0,0.13
2024-03-17,3.0,5.0,0.0,0.0,1.0,0.0,2.18,1.36,0.0,0.2
2024-03-24,3.0,5.0,0.0,0.0,0.0,0.27,2.45,1.09,0.0,0.13
2024-03-31,3.0,5.0,0.0,0.0,1.0,0.0,2.73,1.36,0.0,0.13
2024-04-07,3.0,5.0,0.0,0.0,1.0,0.0,3.0,1.36,0.0,0.2
2024-04-14,3.0,6.0,0.0,0.0,1.0,0.0,3.82,1.36,0.27,0.27
2024-04-21,3.0,5.0,0.0,0.0,1.0,0.0,3.0,3.55,0.27,0.27
2024-04-28,2.0,6.0,0.0,0.0,1.0,0.0,3.55,4.36,0.27,0.2
2024-05-05,3.0,6.0,0.0,0.0,1.0,0.27,4.09,4.64,0.27,0.2
2024-05-12,3.0,7.0,0.0,0.0,1.0,0.27,4.64,2.45,0.55,0.13
2024-05-19,3.0,7.0,0.0,0.0,1.0,0.0,4.64,2.45,0.27,0.13
2024-05-26,2.0,7.0,0.0,0.0,1.0,0.27,4.64,2.73,0.27,0.13
2024-06-02,2.0,8.0,0.0,0.0,1.0,0.27,4.91,4.64,0.27,0.27
2024-06-09,3.0,9.0,0.0,0.0,1.0,0.27,6.0,5.18,0.27,0.27
2024-06-16,2.0,9.0,0.0,0.0,1.0,0.27,4.64,5.18,0.27,0.2
2024-06-23,3.0,19.0,0.0,0.0,2.0,0.27,5.45,15.27,0.82,0.4
2024-06-30,3.0,19.0,0.0,0.0,2.0,0.27,5.18,2.45,1.09,0.33
2024-07-07,3.0,14.0,0.0,0.0,1.0,0.27,3.82,1.91,1.09,0.2
2024-07-14,5.0,57.0,0.0,0.0,6.0,1.09,8.45,15.27,4.36,1.6
2024-07-21,4.0,37.0,0.0,0.0,4.0,0.55,4.91,2.18,3.0,0.4
2024-07-28,3.0,18.0,0.0,0.0,2.0,0.27,3.27,1.64,2.45,0.2
2024-08-04,2.0,7.0,0.0,0.0,1.0,0.0,1.64,1.09,0.55,0.07
2024-08-11,3.0,38.0,0.0,0.0,5.0,0.27,3.0,1.36,0.82,0.13
2024-08-18,4.0,42.0,0.0,0.0,4.0,0.55,6.82,1.64,1.09,0.13
2024-08-25,3.0,9.0,0.0,0.0,1.0,0.27,2.45,0.82,0.27,0.07
2024-09-01,2.0,6.0,0.0,0.0,1.0,0.0,1.64,0.55,0.0,0.07
2024-09-08,3.0,4.0,0.0,0.0,1.0,0.0,1.09,0.55,0.0,0.07
2024-09-15,3.0,4.0,0.0,0.0,0.0,0.0,1.09,0.55,0.0,0.07
2024-09-22,3.0,3.0,0.0,0.0,0.0,0.0,1.09,0.55,0.0,0.07
2024-09-29,3.0,3.0,0.0,0.0,0.0,0.0,0.82,0.55,0.0,0.13
2024-10-06,3.0,3.0,0.0,0.0,0.0,0.0,0.82,0.55,0.0,0.13
2024-10-13,3.0,2.0,0.0,0.0,0.0,0.0,0.82,0.82,0.0,0.13
2024-10-20,4.0,2.0,0.0,0.0,0.0,0.0,0.82,1.09,0.0,0.13
2024-10-27,5.0,2.0,0.0,0.0,0.0,0.0,0.82,0.55,0.0,0.2
2024-11-03,4.0,2.0,0.0,0.0,0.0,0.0,0.82,0.55,0.0,0.13
2024-11-10,3.0,2.0,0.0,0.0,0.0,0.0,0.82,0.55,0.0,0.07
2024-11-17,2.0,2.0,0.0,0.0,0.0,0.0,0.82,0.27,0.0,0.13
2024-11-24,2.0,2.0,0.0,0.0,0.0,0.0,0.82,0.55,0.0,0.07
2024-12-01,2.0,2.0,0.0,0.0,0.0,0.0,0.82,0.55,0.0,0.07
2024-12-08,3.0,2.0,0.0,0.0,0.0,0.0,0.82,0.55,0.0,0.07
2024-12-15,3.0,2.0,0.0,0.0,0.0,0.0,0.82,0.55,0.0,0.13
2024-12-22,3.0,2.0,0.0,0.0,0.0,0.0,0.82,0.82,0.0,0.07
2024-12-29,3.0,2.0,0.0,0.0,0.0,0.0,0.82,0.55,0.0,0.13
2025-01-05,2.0,2.0,0.0,0.0,0.0,0.0,0.82,0.55,0.0,0.07
2025-01-12,2.0,2.0,0.0,0.0,0.0,0.0,0.82,0.55,0.0,0.07
2025-01-19,1.0,2.0,0.0,0.0,0.0,0.0,0.82,0.27,0.0,0.0
2025-01-26,1.0,2.0,0.0,0.0,0.0,0.0,0.82,0.27,0.0,0.0
2025-02-02,2.0,4.0,0.0,0.0,1.0,0.0,1.91,0.82,0.0,0.07
2025-02-09,2.0,4.0,0.0,0.0,0.0,0.0,1.91,0.82,0.0,0.07
2025-02-16,3.0,3.0,0.0,0.0,0.0,0.0,1.64,1.09,0.0,0.07
2025-02-23,3.0,3.0,0.0,0.0,0.0,0.0,1.64,1.09,0.0,0.07
2025-03-02,3.0,3.0,0.0,0.0,0.0,0.0,1.36,0.82,0.0,0.07
2025-03-09,2.0,3.0,0.0,0.0,0.0,0.0,1.36,1.09,0.0,0.13
2025-03-16,3.0,4.0,0.0,0.0,1.0,0.0,1.64,1.36,0.0,0.13
2025-03-23,2.0,4.0,0.0,0.0,0.0,0.0,1.36,1.09,0.0,0.07
2025-03-30,2.0,4.0,0.0,0.0,0.0,0.0,1.91,1.36,0.0,0.07
2025-04-06,2.0,4.0,0.0,0.0,0.0,0.0,1.64,2.18,0.0,0.13
2025-04-13,2.0,5.0,0.0,0.0,1.0,0.0,2.18,6.0,0.27,0.2
2025-04-20,2.0,4.0,0.0,0.0,0.0,0.0,1.91,6.55,0.27,0.13
2025-04-27,2.0,3.0,0.0,0.0,0.0,0.0,1.36,3.0,0.0,0.07
2025-05-04,2.0,5.0,0.0,0.0,1.0,0.0,2.45,3.0,0.27,0.2
2025-05-11,2.0,6.0,0.0,0.0,1.0,0.0,3.0,3.27,0.27,0.13
2025-05-18,2.0,6.0,0.0,0.0,1.0,0.27,3.82,3.55,0.27,0.13
2025-05-25,2.0,6.0,0.0,0.0,1.0,0.0,3.82,3.55,0.27,0.13
2025-06-01,2.0,8.0,0.0,0.0,1.0,0.27,6.0,5.45,0.27,0.13
2025-06-08,2.0,8.0,0.0,0.0,1.0,0.27,6.0,4.91,0.55,0.2
2025-06-15,2.0,8.0,0.0,0.0,1.0,0.27,6.0,5.18,0.55,0.27
2025-06-22,3.0,14.0,0.0,0.0,1.0,0.27,7.09,17.73,0.82,0.33
2025-06-29,3.0,15.0,0.0,0.0,2.0,0.27,9.27,4.91,1.64,0.33
2025-07-06,3.0,9.0,0.0,0.0,1.0,0.27,4.91,3.27,0.82,0.27
2025-07-13,5.0,49.0,0.0,0.0,6.0,0.82,15.0,27.27,4.36,2.6
2025-07-20,4.0,45.0,0.0,0.0,4.0,0.82,10.36,4.36,4.64,0.67
2025-07-27,3.0,18.0,0.0,0.0,2.0,0.27,4.64,3.82,3.82,0.27
2025-08-03,2.0,7.0,0.0,0.0,1.0,0.0,1.64,1.36,0.55,0.07
2025-08-10,2.0,6.0,0.0,0.0,1.0,0.0,1.36,1.09,0.27,0.07
2025-08-17,4.0,100.0,0.0,1.0,8.0,0.82,10.64,8.45,3.27,0.33
2025-08-24,4.0,26.0,0.0,0.0,3.0,0.27,7.36,3.0,1.09,0.13
2025-08-31,2.0,9.0,0.0,0.0,1.0,0.27,2.18,0.82,0.27,0.07
2025-09-07,3.0,7.0,0.0,0.0,1.0,0.0,1.91,0.82,0.27,0.07
2025-09-14,3.0,5.0,0.0,0.0,1.0,0.0,1.36,0.82,0.0,0.13
2025-09-21,3.0,4.0,0.0,0.0,1.0,0.0,1.09,0.82,0.0,0.07
2025-09-28,2.0,3.0,0.0,0.0,0.0,0.0,0.82,0.82,0.0,0.13
2025-10-05,3.0,3.0,0.0,0.0,0.0,0.0,0.55,0.55,0.0,0.13
2025-10-12,3.0,2.0,0.0,0.0,0.0,0.0,0.55,0.55,0.0,0.13
2025-10-19,4.0,2.0,0.0,0.0,0.0,0.0,0.55,0.55,0.0,0.07
2025-10-26,5.0,2.0,0.0,0.0,0.0,0.0,0.55,0.55,0.0,0.13
2025-11-02,4.0,2.0,0.0,0.0,0.0,0.0,0.55,0.55,0.0,0.13
2025-11-09,3.0,2.0,0.0,0.0,0.0,0.0,0.55,0.55,0.0,0.13
2025-11-16,2.0,2.0,0.0,0.0,0.0,0.0,0.82,0.55,0.0,0.13
2025-11-23,2.0,3.0,0.0,0.0,0.0,0.0,0.82,0.55,0.0,0.13
2025-11-30,2.0,2.0,0.0,0.0,0.0,0.0,0.82,0.55,0.0,0.13
2025-12-07,2.0,2.0,0.0,0.0,0.0,0.0,0.82,0.55,0.0,0.13
2025-12-14,3.0,2.0,0.0,0.0,0.0,0.0,0.82,0.55,0.0,0.13
2025-12-21,3.0,2.0,0.0,0.0,0.0,0.0,0.82,0.55,0.0,0.13
2025-12-28,2.0,2.0,0.0,0.0,0.0,0.0,0.82,0.55,0.0,0.13
2026-01-04,2.0,2.0,0.0,0.0,0.0,0.0,1.09,0.55,0.0,0.13
2026-01-11,2.0,2.0,0.0,0.0,0.0,0.0,1.09,0.82,0.0,0.07
2026-01-18,2.0,2.0,0.0,0.0,0.0,0.0,1.09,0.82,0.0,0.13
2026-01-25,2.0,3.0,0.0,0.0,0.0,0.0,1.09,0.82,0.27,0.13
2026-02-01,2.0,2.0,0.0,0.0,0.0,0.0,0.82,0.82,0.0,0.13
2026-02-08,1.0,2.0,0.0,0.0,0.0,0.0,0.55,0.55,0.0,0.07
2026-02-15,1.0,3.0,0.0,0.0,0.0,0.0,1.09,0.55,0.27,0.0
2026-02-22,2.0,4.0,0.0,0.0,1.0,0.0,1.64,1.36,0.27,0.13
2026-03-01,2.0,4.0,0.0,0.0,0.0,0.0,1.64,1.36,0.27,0.13
2026-03-08,2.0,4.0,0.0,0.0,1.0,0.0,1.64,1.64,0.27,0.13
2026-03-15,2.0,4.0,0.0,0.0,1.0,0.0,1.64,1.91,0.27,0.2
2026-03-22,2.0,5.0,0.0,0.0,1.0,0.0,2.18,1.64,0.27,0.2
2026-03-29,3.0,5.0,0.0,0.0,1.0,0.0,2.18,2.18,0.27,0.13
2026-04-05,2.0,5.0,0.0,0.0,1.0,0.0,2.18,2.18,0.27,0.13
2026-04-12,3.0,5.0,0.0,0.0,1.0,0.0,2.45,4.09,0.27,0.27
2026-04-19,3.0,5.0,0.0,0.0,1.0,0.0,2.45,6.27,0.27,0.27
2026-04-26,2.0,5.0,0.0,0.0,1.0,0.0,2.18,5.18,0.27,0.2
2026-05-03,3.0,6.0,0.0,0.0,1.0,0.0,3.27,5.45,0.27,0.2
2026-05-10,3.0,7.0,0.0,0.0,1.0,0.0,4.64,5.45,0.27,0.27
2026-05-17,2.0,8.0,0.0,0.0,1.0,0.0,5.18,4.91,0.55,0.13
2026-05-24,3.0,8.0,0.0,0.0,1.0,0.0,6.0,5.45,0.55,0.27
2026-05-31,3.0,10.0,0.0,0.0,1.0,0.27,7.09,8.18,0.55,0.33
2026-06-07,3.0,17.0,0.0,0.0,2.0,0.27,7.09,16.09,1.09,0.67
2026-06-14,4.0,20.0,0.0,0.0,2.0,0.27,11.73,4.36,2.73,0.47
2026-06-21,2.0,8.0,0.0,0.0,1.0,0.27,4.36,2.18,1.09,0.27
2026-06-28,4.0,43.0,0.0,0.0,5.0,0.82,13.09,20.73,4.36,2.27
2026-07-05,4.0,33.0,0.0,0.0,4.0,0.55,8.73,4.36,4.36,0.87
2026-07-12,3.0,17.0,0.0,0.0,2.0,0.27,6.55,4.09,4.91,0.4
2026-07-19,1.0,4.0,0.0,0.0,0.0,0.0,1.09,1.09,0.55,0.13
2026-07-26,2.0,4.0,0.0,0.0,1.0,0.0,1.09,1.09,0.27,0.13
2026-08-02,2.0,5.0,0.0,0.0,1.0,0.0,1.91,1.09,0.55,0.13
2026-08-09,5.0,68.0,0.0,1.0,7.0,0.55,12.0,7.36,3.27,0.4
2026-08-16,3.0,8.0,0.0,0.0,1.0,0.0,2.73,1.64,0.27,0.13
2026-08-23,2.0,5.0,0.0,0.0,1.0,0.0,1.64,0.82,0.0,0.13
2026-08-30,2.0,4.0,0.0,0.0,1.0,0.0,1.09,0.55,0.27,0.13
2026-09-06,2.0,4.0,0.0,0.0,1.0,0.0,1.36,0.82,0.0,0.07
2026-09-13,2.0,3.0,0.0,0.0,0.0,0.0,1.64,0.82,0.27,0.07
2026-09-20,2.0,3.0,0.0,0.0,0.0,0.0,0.82,0.55,0.0,0.07
2026-09-27,2.0,3.0,0.0,0.0,0.0,0.0,0.82,0.55,0.0,0.13
2026-10-04,2.0,2.0,0.0,0.0,0.0,0.0,0.55,0.55,0.0,0.13
