geoName,geoCode,Công nghệ thông tin,Việc làm IT,Lập trình viên,Kỹ sư phần mềm,Software Engineer,Thực tập sinh IT,IT Intern,Lương IT,Lương ngành CNTT
An Giang,VN-44,76,2,19,1,2,0,0,3,0
Bà Rịa - Vũng Tàu,VN-43,74,4,17,1,4,0,1,3,0
Bình Dương,VN-57,70,5,18,1,6,1,3,4,0
Bình Phước,VN-58,77,2,18,1,2,0,0,1,0
Bình Thuận,VN-40,75,2,20,1,2,0,0,2,0
Bình Định,VN-31,79,2,15,1,3,0,0,2,0
Bạc Liêu,VN-55,78,1,19,1,1,0,0,1,0
Bắc Giang,VN-54,75,2,20,0,3,0,0,2,0
Bắc Kạn,VN-53,87,0,13,0,0,0,0,0,0
Bắc Ninh,VN-56,72,3,19,1,5,0,0,3,0
Bến Tre,VN-50,76,2,19,1,2,1,0,2,0
Cao Bằng,VN-04,78,0,17,0,5,0,0,0,0
Cà Mau,VN-59,75,1,22,1,1,0,0,2,0
Cần Thơ,VN-CT,73,5,18,1,3,2,1,2,0
Gia Lai,VN-30,78,3,15,1,3,0,0,2,0
Hà Giang,VN-03,78,1,15,0,6,0,0,0,0
Hà Nam,VN-63,70,3,23,1,3,0,0,2,0
Hà Nội,VN-HN,74,3,16,1,6,1,1,4,0
Hà Tĩnh,VN-23,76,2,20,0,2,0,0,1,0
Hòa Bình,VN-14,74,1,21,1,3,1,0,1,0
Hưng Yên,VN-66,73,3,20,1,3,0,0,3,0
Hải Dương,VN-61,74,2,20,1,3,0,0,2,0
Hải Phòng,VN-HP,72,4,19,1,4,0,1,3,0
Hậu Giang,VN-73,74,2,21,1,2,0,0,2,0
Hồ Chí Minh,VN-SG,67,4,18,1,10,2,2,5,0
Khánh Hòa,VN-34,75,5,17,0,3,0,1,2,0
Kon Tum,VN-28,79,1,19,0,1,0,0,1,0
Lai Châu,VN-01,82,0,15,0,3,0,0,0,0
Long An,VN-41,75,3,19,1,2,1,0,3,0
Lào Cai,VN-02,82,0,16,0,2,0,0,0,0
Lâm Đồng,VN-35,76,3,17,0,4,0,1,2,0
Lạng Sơn,VN-09,79,1,19,0,1,0,0,0,0
Nam Định,VN-67,75,2,19,1,3,0,0,2,0
Nghệ An,VN-22,80,2,16,0,2,0,0,2,0
Ninh Bình,VN-18,76,2,19,0,3,0,0,1,0
Ninh Thuận,VN-36,73,4,20,1,2,0,0,1,0
Phú Thọ,VN-68,75,1,20,0,4,0,0,2,0
Phú Yên,VN-32,78,2,17,1,2,0,0,2,0
Quảng Bình,VN-24,76,3,19,0,2,0,0,1,0
Quảng Nam,VN-27,78,6,14,0,2,0,0,2,0
Quảng Ngãi,VN-29,80,2,15,1,2,0,0,1,0
Quảng Ninh,VN-13,77,2,18,0,3,0,0,1,0
Quảng Trị,VN-25,79,2,17,1,1,0,0,1,0
Sóc Trăng,VN-52,74,3,20,1,2,0,0,2,0
Sơn La,VN-05,75,1,20,0,4,0,0,1,0
Thanh Hoá,VN-21,76,2,19,0,3,0,0,2,0
Thái Bình,VN-20,77,2,19,0,2,0,0,2,0
Thái Nguyên,VN-69,86,1,12,0,1,0,0,0,0
Thừa Thiên Huế,VN-26,78,3,15,1,3,0,0,2,0
Tiền Giang,VN-46,77,2,17,1,3,0,0,2,0
Trà Vinh,VN-51,76,2,19,1,2,0,0,2,0
Tuyên Quang,VN-07,75,1,19,1,4,0,0,1,0
Tây Ninh,VN-37,74,3,20,1,2,0,0,2,0
Vĩnh Long,VN-49,75,3,19,0,3,0,0,2,0
Vĩnh Phúc,VN-70,73,3,21,0,3,0,0,3,0
Yên Bái,VN-06,79,0,19,0,2,0,0,1,0
tỉnh Kiên Giang,VN-47,77,2,19,1,1,0,0,2,0
Điện Biên,VN-71,82,1,16,0,1,0,0,0,0
Đà Nẵng,VN-DN,72,5,15,1,7,1,2,4,0
Đăk Nông,VN-72,78,1,18,1,2,0,0,1,0
Đắk Lắk,VN-33,79,2,17,0,2,0,0,2,0
Đồng Nai,VN-39,76,3,16,1,4,1,1,2,0
Đồng Tháp,VN-45,76,1,20,1,2,0,0,1,0
