date,Công nghệ thông tin,Khoa học máy tính,Kỹ thuật phần mềm,Trí tuệ nhân tạo,Khoa học dữ liệu,An toàn thông tin,Hệ thống thông tin,Thiết kế vi mạch,Vi mạch bán dẫn,Kỹ thuật máy tính,Mạng máy tính
2021-10-03,29.0,4.0,1.0,3.0,1.0,5.0,14.0,0.0,0.0,2.0,23.0
2021-10-10,32.0,4.0,1.0,4.0,2.0,5.0,15.0,0.0,0.0,2.0,28.0
2021-10-17,31.0,5.0,1.0,4.0,2.0,5.0,19.0,0.0,0.0,2.0,33.0
2021-10-24,28.0,5.0,1.0,4.0,2.0,7.0,17.0,0.0,0.0,2.0,39.0
2021-10-31,26.0,6.0,1.0,4.0,3.0,7.0,20.0,0.0,0.0,2.0,46.0
2021-11-07,26.0,7.0,1.0,5.0,2.0,10.0,20.0,0.0,0.0,3.0,54.0
2021-11-14,25.0,7.0,2.0,5.0,2.0,8.0,19.0,0.0,0.0,3.0,45.0
2021-11-21,23.0,7.0,1.0,5.0,3.0,9.0,18.0,0.0,0.0,3.0,42.0
2021-11-28,26.0,5.0,2.0,6.0,2.0,7.0,18.0,0.0,0.0,3.0,37.0
2021-12-05,23.0,5.0,1.0,5.0,2.0,8.0,19.0,0.0,0.0,3.0,33.0
2021-12-12,24.0,6.0,2.0,4.0,2.0,7.0,20.0,0.0,0.0,3.0,37.0
2021-12-19,25.0,8.0,1.0,3.0,3.0,7.0,21.0,0.0,0.0,5.0,47.0
2021-12-26,23.0,7.0,2.0,4.0,2.0,10.0,23.0,0.0,0.0,5.0,56.0
2022-01-02,32.0,10.0,2.0,4.0,4.0,12.0,33.0,0.0,0.0,6.0,66.0
2022-01-09,30.0,7.0,2.0,5.0,2.0,12.0,25.0,0.0,0.0,4.0,42.0
2022-01-16,23.0,4.0,1.0,3.0,2.0,8.0,19.0,0.0,0.0,3.0,25.0
2022-01-23,20.0,2.0,1.0,2.0,1.0,5.0,12.0,0.0,0.0,2.0,16.0
2022-01-30,19.0,3.0,0.0,2.0,1.0,1.0,4.0,0.0,0.0,1.0,7.0
2022-02-06,38.0,4.0,2.0,4.0,2.0,6.0,15.0,0.0,0.0,3.0,18.0
2022-02-13,52.0,5.0,2.0,5.0,2.0,8.0,24.0,0.0,0.0,4.0,23.0
2022-02-20,50.0,5.0,3.0,5.0,2.0,10.0,26.0,0.0,0.0,4.0,25.0
2022-02-27,44.0,4.0,3.0,5.0,3.0,21.0,30.0,0.0,0.0,4.0,29.0
2022-03-06,45.0,4.0,3.0,5.0,3.0,25.0,36.0,0.0,0.0,4.0,33.0
2022-03-13,55.0,4.0,3.0,5.0,3.0,20.0,37.0,0.0,0.0,4.0,32.0
2022-03-20,51.0,4.0,3.0,4.0,3.0,20.0,32.0,0.0,0.0,4.0,32.0
2022-03-27,52.0,4.0,2.0,5.0,3.0,10.0,29.0,0.0,0.0,4.0,30.0
2022-04-03,52.0,5.0,2.0,5.0,2.0,7.0,22.0,0.0,0.0,4.0,33.0
2022-04-10,50.0,4.0,2.0,5.0,2.0,8.0,22.0,0.0,0.0,3.0,30.0
2022-04-17,50.0,4.0,2.0,5.0,2.0,7.0,27.0,0.0,0.0,4.0,42.0
2022-04-24,43.0,4.0,2.0,5.0,3.0,7.0,24.0,0.0,0.0,3.0,44.0
2022-05-01,40.0,4.0,2.0,4.0,2.0,6.0,18.0,0.0,0.0,4.0,41.0
2022-05-08,45.0,4.0,2.0,4.0,2.0,7.0,18.0,0.0,0.0,3.0,35.0
2022-05-15,42.0,3.0,2.0,5.0,2.0,5.0,15.0,0.0,0.0,3.0,22.0
2022-05-22,44.0,3.0,2.0,4.0,2.0,5.0,15.0,1.0,0.0,3.0,16.0
2022-05-29,48.0,4.0,2.0,4.0,3.0,5.0,15.0,0.0,0.0,3.0,16.0
2022-06-05,46.0,4.0,2.0,4.0,2.0,5.0,14.0,0.0,0.0,3.0,14.0
2022-06-12,46.0,3.0,2.0,4.0,2.0,4.0,14.0,0.0,0.0,3.0,15.0
2022-06-19,46.0,3.0,2.0,4.0,2.0,5.0,14.0,1.0,0.0,2.0,14.0
2022-06-26,51.0,5.0,3.0,4.0,2.0,5.0,14.0,0.0,0.0,3.0,12.0
2022-07-03,56.0,4.0,3.0,3.0,2.0,4.0,12.0,0.0,0.0,3.0,12.0
2022-07-10,64.0,5.0,3.0,3.0,3.0,6.0,14.0,0.0,0.0,3.0,12.0
2022-07-17,71.0,6.0,4.0,4.0,3.0,6.0,14.0,0.0,0.0,4.0,11.0
2022-07-24,100.0,8.0,5.0,6.0,4.0,6.0,15.0,0.0,0.0,6.0,13.0
2022-07-31,71.0,6.0,4.0,4.0,3.0,4.0,13.0,0.0,0.0,4.0,12.0
2022-08-07,58.0,5.0,3.0,4.0,3.0,5.0,14.0,0.0,0.0,4.0,13.0
2022-08-14,58.0,5.0,3.0,4.0,3.0,6.0,15.0,0.0,0.0,4.0,13.0
2022-08-21,37.0,2.0,1.0,4.0,2.0,5.0,13.0,0.0,0.0,2.0,13.0
2022-08-28,30.0,2.0,1.0,3.0,1.0,3.0,9.0,0.0,0.0,1.0,10.0
2022-09-04,36.0,3.0,2.0,4.0,2.0,5.0,13.0,0.0,0.0,2.0,16.0
2022-09-11,62.0,7.0,3.0,6.0,3.0,6.0,18.0,1.0,0.0,4.0,19.0
2022-09-18,55.0,6.0,3.0,6.0,3.0,6.0,18.0,0.0,0.0,5.0,20.0
2022-09-25,44.0,4.0,2.0,6.0,3.0,7.0,17.0,0.0,0.0,3.0,18.0
2022-10-02,37.0,4.0,2.0,6.0,2.0,6.0,17.0,0.0,0.0,3.0,22.0
2022-10-09,36.0,4.0,2.0,6.0,3.0,7.0,15.0,0.0,0.0,3.0,24.0
2022-10-16,34.0,5.0,2.0,7.0,3.0,8.0,17.0,0.0,0.0,2.0,29.0
2022-10-23,36.0,6.0,2.0,6.0,4.0,13.0,20.0,1.0,0.0,4.0,47.0
2022-10-30,35.0,6.0,2.0,7.0,5.0,14.0,22.0,0.0,0.0,3.0,67.0
2022-11-06,37.0,5.0,2.0,7.0,3.0,11.0,18.0,0.0,0.0,3.0,42.0
2022-11-13,31.0,3.0,2.0,7.0,2.0,10.0,17.0,0.0,0.0,3.0,25.0
2022-11-20,27.0,2.0,2.0,6.0,2.0,7.0,14.0,0.0,0.0,2.0,19.0
2022-11-27,29.0,3.0,2.0,6.0,2.0,7.0,14.0,0.0,0.0,2.0,17.0
2022-12-04,31.0,4.0,2.0,6.0,2.0,6.0,14.0,0.0,0.0,3.0,21.0
2022-12-11,28.0,4.0,1.0,7.0,3.0,8.0,17.0,0.0,0.0,3.0,30.0
2022-12-18,30.0,5.0,2.0,7.0,3.0,13.0,17.0,0.0,0.0,4.0,47.0
2022-12-25,31.0,4.0,2.0,7.0,3.0,13.0,17.0,0.0,0.0,3.0,42.0
2023-01-01,26.0,3.0,1.0,5.0,2.0,8.0,12.0,0.0,0.0,2.0,23.0
2023-01-08,24.0,2.0,1.0,6.0,1.0,7.0,12.0,0.0,0.0,2.0,15.0
2023-01-15,15.0,2.0,1.0,3.0,1.0,3.0,5.0,0.0,0.0,1.0,8.0
2023-01-22,21.0,2.0,1.0,3.0,1.0,2.0,4.0,0.0,0.0,1.0,8.0
2023-01-29,37.0,3.0,2.0,12.0,1.0,6.0,12.0,0.0,0.0,3.0,17.0
2023-02-05,42.0,4.0,2.0,14.0,2.0,10.0,16.0,0.0,0.0,2.0,17.0
2023-02-12,38.0,3.0,2.0,11.0,2.0,8.0,18.0,0.0,0.0,3.0,18.0
2023-02-19,39.0,4.0,2.0,11.0,2.0,10.0,19.0,0.0,0.0,3.0,17.0
2023-02-26,43.0,4.0,2.0,10.0,2.0,8.0,24.0,0.0,0.0,3.0,18.0
2023-03-05,39.0,3.0,2.0,10.0,3.0,9.0,23.0,0.0,0.0,3.0,19.0
2023-03-12,41.0,4.0,2.0,11.0,2.0,12.0,25.0,0.0,0.0,3.0,19.0
2023-03-19,41.0,4.0,2.0,10.0,3.0,16.0,22.0,0.0,0.0,4.0,20.0
2023-03-26,43.0,4.0,2.0,9.0,2.0,25.0,22.0,0.0,0.0,3.0,20.0
2023-04-02,43.0,5.0,2.0,9.0,3.0,27.0,20.0,0.0,0.0,3.0,18.0
2023-04-09,42.0,4.0,2.0,9.0,2.0,10.0,22.0,0.0,0.0,3.0,16.0
2023-04-16,41.0,5.0,2.0,9.0,3.0,10.0,24.0,0.0,0.0,4.0,18.0
2023-04-23,40.0,5.0,3.0,9.0,3.0,9.0,20.0,0.0,0.0,4.0,17.0
2023-04-30,36.0,4.0,2.0,6.0,2.0,7.0,14.0,0.0,0.0,3.0,14.0
2023-05-07,45.0,5.0,2.0,8.0,3.0,8.0,19.0,0.0,0.0,4.0,16.0
2023-05-14,46.0,4.0,2.0,6.0,2.0,8.0,16.0,0.0,0.0,3.0,15.0
2023-05-21,44.0,4.0,2.0,7.0,2.0,8.0,13.0,0.0,0.0,3.0,13.0
2023-05-28,45.0,4.0,2.0,7.0,3.0,7.0,14.0,0.0,0.0,3.0,14.0
2023-06-04,47.0,5.0,3.0,8.0,3.0,9.0,16.0,0.0,0.0,4.0,14.0
2023-06-11,44.0,4.0,2.0,8.0,3.0,8.0,15.0,0.0,0.0,3.0,14.0
2023-06-18,53.0,5.0,3.0,7.0,3.0,9.0,14.0,1.0,0.0,3.0,14.0
2023-06-25,61.0,6.0,3.0,9.0,3.0,8.0,13.0,0.0,0.0,4.0,12.0
2023-07-02,70.0,7.0,3.0,7.0,3.0,9.0,13.0,0.0,0.0,5.0,12.0
2023-07-09,54.0,5.0,3.0,6.0,2.0,8.0,13.0,0.0,0.0,4.0,12.0
2023-07-16,81.0,11.0,4.0,7.0,5.0,10.0,19.0,0.0,0.0,6.0,14.0
2023-07-23,71.0,8.0,4.0,7.0,4.0,9.0,16.0,0.0,0.0,6.0,11.0
2023-07-30,40.0,4.0,2.0,5.0,1.0,8.0,15.0,0.0,0.0,3.0,13.0
2023-08-06,34.0,3.0,2.0,5.0,2.0,8.0,12.0,0.0,0.0,2.0,12.0
2023-08-13,36.0,4.0,1.0,7.0,2.0,8.0,13.0,0.0,0.0,3.0,13.0
2023-08-20,66.0,14.0,2.0,8.0,4.0,11.0,17.0,0.0,0.0,6.0,13.0
2023-08-27,43.0,6.0,2.0,6.0,3.0,9.0,12.0,0.0,0.0,3.0,11.0
2023-09-03,40.0,6.0,2.0,6.0,3.0,8.0,13.0,0.0,1.0,4.0,17.0
2023-09-10,39.0,6.0,2.0,8.0,3.0,9.0,15.0,2.0,1.0,3.0,20.0
2023-09-17,38.0,5.0,2.0,10.0,3.0,9.0,15.0,2.0,0.0,2.0,19.0
2023-09-24,36.0,6.0,2.0,9.0,2.0,9.0,16.0,1.0,0.0,2.0,21.0
2023-10-01,36.0,5.0,2.0,11.0,3.0,11.0,17.0,1.0,1.0,3.0,25.0
2023-10-08,37.0,4.0,2.0,11.0,3.0,10.0,17.0,1.0,1.0,3.0,26.0
2023-10-15,34.0,5.0,2.0,9.0,3.0,11.0,15.0,1.0,1.0,4.0,32.0
2023-10-22,38.0,5.0,2.0,10.0,4.0,15.0,18.0,1.0,1.0,5.0,53.0
2023-10-29,40.0,7.0,3.0,10.0,4.0,17.0,21.0,1.0,1.0,6.0,62.0
2023-11-05,36.0,5.0,2.0,10.0,3.0,15.0,19.0,1.0,1.0,3.0,38.0
2023-11-12,31.0,3.0,2.0,8.0,2.0,11.0,16.0,1.0,1.0,3.0,23.0
2023-11-19,31.0,3.0,2.0,7.0,2.0,11.0,15.0,0.0,1.0,2.0,18.0
2023-11-26,34.0,4.0,2.0,9.0,3.0,10.0,14.0,1.0,0.0,2.0,18.0
2023-12-03,33.0,4.0,1.0,8.0,3.0,10.0,15.0,1.0,0.0,2.0,21.0
2023-12-10,34.0,5.0,2.0,8.0,3.0,13.0,14.0,1.0,1.0,3.0,29.0
2023-12-17,32.0,6.0,2.0,8.0,3.0,15.0,18.0,1.0,1.0,4.0,40.0
2023-12-24,31.0,6.0,2.0,8.0,3.0,15.0,16.0,1.0,0.0,4.0,39.0
2023-12-31,28.0,4.0,2.0,7.0,2.0,9.0,12.0,1.0,1.0,3.0,21.0
2024-01-07,32.0,4.0,2.0,8.0,3.0,7.0,13.0,1.0,1.0,2.0,15.0
2024-01-14,31.0,4.0,2.0,10.0,2.0,8.0,13.0,1.0,0.0,2.0,14.0
2024-01-21,27.0,4.0,2.0,8.0,2.0,7.0,14.0,1.0,1.0,2.0,15.0
2024-01-28,22.0,3.0,2.0,6.0,1.0,7.0,13.0,1.0,1.0,2.0,11.0
2024-02-04,13.0,2.0,1.0,3.0,0.0,4.0,3.0,0.0,0.0,1.0,6.0
2024-02-11,20.0,2.0,1.0,4.0,2.0,4.0,4.0,1.0,0.0,2.0,7.0
2024-02-18,36.0,4.0,2.0,7.0,2.0,8.0,15.0,1.0,0.0,2.0,14.0
2024-02-25,37.0,5.0,2.0,9.0,2.0,10.0,20.0,3.0,1.0,3.0,17.0
2024-03-03,39.0,5.0,2.0,9.0,3.0,10.0,21.0,2.0,1.0,3.0,16.0
2024-03-10,42.0,4.0,2.0,10.0,3.0,11.0,23.0,1.0,1.0,4.0,19.0
2024-03-17,41.0,6.0,2.0,11.0,3.0,11.0,23.0,1.0,1.0,4.0,19.0
2024-03-24,40.0,5.0,2.0,11.0,3.0,10.0,22.0,1.0,1.0,3.0,16.0
2024-03-31,41.0,5.0,2.0,10.0,2.0,11.0,19.0,1.0,1.0,3.0,17.0
2024-04-07,42.0,5.0,2.0,11.0,3.0,11.0,20.0,1.0,1.0,4.0,16.0
2024-04-14,39.0,6.0,3.0,10.0,3.0,12.0,21.0,1.0,1.0,4.0,16.0
2024-04-21,42.0,6.0,3.0,9.0,4.0,13.0,22.0,1.0,1.0,4.0,17.0
2024-04-28,36.0,5.0,2.0,8.0,2.0,12.0,15.0,1.0,1.0,4.0,15.0
2024-05-05,47.0,6.0,3.0,9.0,3.0,14.0,22.0,2.0,1.0,5.0,20.0
2024-05-12,45.0,6.0,2.0,7.0,3.0,12.0,20.0,1.0,1.0,4.0,15.0
2024-05-19,41.0,4.0,2.0,8.0,3.0,9.0,16.0,1.0,1.0,3.0,15.0
2024-05-26,38.0,5.0,2.0,7.0,3.0,9.0,17.0,1.0,1.0,4.0,16.0
2024-06-02,38.0,5.0,2.0,7.0,2.0,10.0,14.0,2.0,1.0,4.0,15.0
2024-06-09,42.0,5.0,2.0,9.0,3.0,10.0,14.0,2.0,1.0,4.0,15.0
2024-06-16,37.0,4.0,2.0,7.0,3.0,10.0,14.0,1.0,1.0,3.0,15.0
2024-06-23,45.0,5.0,2.0,8.0,3.0,9.0,13.0,1.0,1.0,3.0,11.0
2024-06-30,52.0,7.0,3.0,7.0,3.0,9.0,13.0,2.0,1.0,3.0,11.0
2024-07-07,43.0,6.0,2.0,6.0,3.0,9.0,13.0,1.0,1.0,4.0,10.0
2024-07-14,75.0,11.0,3.0,7.0,6.0,10.0,17.0,2.0,3.0,7.0,12.0
2024-07-21,64.0,9.0,4.0,8.0,5.0,11.0,18.0,3.0,3.0,5.0,11.0
2024-07-28,44.0,6.0,2.0,6.0,3.0,9.0,12.0,1.0,2.0,3.0,11.0
2024-08-04,33.0,4.0,2.0,7.0,2.0,9.0,12.0,1.0,0.0,3.0,11.0
2024-08-11,39.0,6.0,2.0,7.0,3.0,9.0,15.0,1.0,1.0,3.0,13.0
2024-08-18,65.0,10.0,3.0,9.0,4.0,11.0,19.0,2.0,1.0,4.0,14.0
2024-08-25,39.0,6.0,3.0,7.0,3.0,11.0,16.0,2.0,2.0,3.0,14.0
2024-09-01,33.0,4.0,1.0,7.0,3.0,9.0,14.0,1.0,1.0,2.0,13.0
2024-09-08,49.0,6.0,2.0,15.0,5.0,11.0,22.0,2.0,1.0,4.0,18.0
2024-09-15,43.0,8.0,2.0,14.0,4.0,13.0,21.0,1.0,1.0,5.0,21.0
2024-09-22,40.0,8.0,2.0,12.0,5.0,13.0,21.0,1.0,1.0,3.0,24.0
2024-09-29,42.0,6.0,2.0,13.0,4.0,14.0,22.0,1.0,0.0,4.0,25.0
2024-10-06,39.0,7.0,3.0,14.0,4.0,12.0,19.0,1.0,0.0,4.0,29.0
2024-10-13,43.0,8.0,3.0,16.0,4.0,13.0,23.0,1.0,1.0,5.0,32.0
2024-10-20,55.0,9.0,3.0,24.0,4.0,16.0,26.0,1.0,1.0,7.0,49.0
2024-10-27,78.0,13.0,4.0,23.0,7.0,19.0,26.0,1.0,1.0,12.0,71.0
2024-11-03,65.0,12.0,4.0,20.0,6.0,17.0,24.0,1.0,1.0,11.0,64.0
2024-11-10,41.0,6.0,3.0,16.0,4.0,14.0,19.0,1.0,1.0,4.0,32.0
2024-11-17,34.0,4.0,2.0,11.0,3.0,12.0,18.0,1.0,0.0,3.0,22.0
2024-11-24,37.0,5.0,2.0,13.0,3.0,17.0,20.0,1.0,1.0,3.0,20.0
2024-12-01,36.0,7.0,1.0,13.0,4.0,14.0,20.0,1.0,0.0,3.0,21.0
2024-12-08,39.0,6.0,2.0,16.0,4.0,12.0,18.0,1.0,1.0,3.0,27.0
2024-12-15,46.0,8.0,3.0,15.0,4.0,15.0,20.0,1.0,1.0,5.0,38.0
2024-12-22,49.0,10.0,5.0,15.0,4.0,18.0,22.0,1.0,2.0,7.0,49.0
2024-12-29,38.0,8.0,4.0,13.0,4.0,16.0,19.0,1.0,0.0,6.0,38.0
2025-01-05,35.0,6.0,2.0,11.0,2.0,10.0,18.0,1.0,0.0,3.0,21.0
2025-01-12,25.0,4.0,1.0,9.0,3.0,7.0,14.0,1.0,0.0,2.0,13.0
2025-01-19,18.0,3.0,1.0,6.0,2.0,6.0,8.0,1.0,1.0,2.0,9.0
2025-01-26,13.0,3.0,0.0,4.0,1.0,2.0,2.0,0.0,0.0,0.0,4.0
2025-02-02,29.0,4.0,1.0,9.0,2.0,7.0,10.0,1.0,2.0,2.0,11.0
2025-02-09,35.0,5.0,2.0,11.0,3.0,9.0,14.0,1.0,1.0,3.0,13.0
2025-02-16,39.0,5.0,2.0,12.0,3.0,8.0,14.0,1.0,1.0,3.0,14.0
2025-02-23,41.0,5.0,2.0,14.0,4.0,10.0,14.0,1.0,1.0,3.0,15.0
2025-03-02,39.0,5.0,2.0,15.0,3.0,10.0,14.0,1.0,2.0,4.0,15.0
2025-03-09,37.0,5.0,3.0,15.0,3.0,11.0,16.0,1.0,1.0,5.0,17.0
2025-03-16,39.0,5.0,2.0,17.0,3.0,10.0,16.0,1.0,1.0,4.0,17.0
2025-03-23,37.0,5.0,2.0,14.0,3.0,11.0,16.0,2.0,1.0,4.0,16.0
2025-03-30,36.0,4.0,2.0,14.0,3.0,11.0,14.0,1.0,1.0,3.0,14.0
2025-04-06,33.0,5.0,1.0,13.0,3.0,7.0,12.0,1.0,1.0,3.0,12.0
2025-04-13,36.0,7.0,2.0,13.0,4.0,9.0,14.0,1.0,1.0,4.0,16.0
2025-04-20,37.0,5.0,2.0,13.0,4.0,12.0,17.0,1.0,1.0,4.0,15.0
2025-04-27,23.0,5.0,1.0,9.0,2.0,8.0,12.0,1.0,1.0,3.0,12.0
2025-05-04,37.0,7.0,2.0,11.0,3.0,11.0,17.0,1.0,1.0,4.0,13.0
2025-05-11,36.0,5.0,2.0,11.0,3.0,10.0,17.0,1.0,3.0,3.0,14.0
2025-05-18,34.0,4.0,2.0,10.0,3.0,9.0,16.0,2.0,2.0,2.0,12.0
2025-05-25,30.0,3.0,2.0,13.0,3.0,8.0,16.0,1.0,2.0,2.0,12.0
2025-06-01,35.0,4.0,2.0,15.0,3.0,9.0,14.0,1.0,1.0,3.0,10.0
2025-06-08,32.0,4.0,2.0,12.0,4.0,9.0,14.0,1.0,2.0,3.0,11.0
2025-06-15,35.0,5.0,2.0,9.0,4.0,8.0,12.0,1.0,1.0,3.0,11.0
2025-06-22,39.0,5.0,2.0,19.0,4.0,8.0,14.0,1.0,2.0,3.0,11.0
2025-06-29,48.0,7.0,3.0,11.0,5.0,10.0,16.0,2.0,3.0,4.0,12.0
2025-07-06,39.0,6.0,2.0,10.0,4.0,10.0,18.0,2.0,2.0,4.0,12.0
2025-07-13,80.0,12.0,4.0,14.0,8.0,12.0,24.0,3.0,5.0,6.0,12.0
2025-07-20,67.0,11.0,4.0,13.0,9.0,12.0,23.0,3.0,5.0,7.0,13.0
2025-07-27,46.0,6.0,2.0,11.0,6.0,11.0,18.0,2.0,2.0,4.0,12.0
2025-08-03,32.0,4.0,1.0,12.0,4.0,11.0,17.0,1.0,1.0,2.0,11.0
2025-08-10,29.0,4.0,2.0,10.0,3.0,12.0,16.0,1.0,1.0,3.0,12.0
2025-08-17,65.0,8.0,3.0,14.0,5.0,13.0,22.0,2.0,1.0,5.0,13.0
2025-08-24,59.0,9.0,3.0,13.0,6.0,11.0,20.0,2.0,2.0,6.0,12.0
2025-08-31,38.0,6.0,2.0,9.0,4.0,10.0,17.0,1.0,1.0,4.0,12.0
2025-09-07,45.0,8.0,2.0,16.0,5.0,13.0,23.0,1.0,1.0,5.0,14.0
2025-09-14,41.0,10.0,2.0,16.0,5.0,13.0,23.0,1.0,1.0,4.0,17.0
2025-09-21,43.0,8.0,3.0,14.0,4.0,15.0,23.0,1.0,1.0,5.0,20.0
2025-09-28,37.0,6.0,1.0,16.0,4.0,13.0,20.0,1.0,1.0,5.0,24.0
2025-10-05,42.0,7.0,3.0,20.0,5.0,14.0,24.0,1.0,1.0,5.0,24.0
2025-10-12,49.0,7.0,2.0,17.0,5.0,16.0,27.0,1.0,1.0,4.0,29.0
2025-10-19,53.0,9.0,3.0,20.0,6.0,21.0,27.0,1.0,2.0,6.0,37.0
2025-10-26,69.0,14.0,4.0,23.0,9.0,24.0,33.0,1.0,1.0,9.0,55.0
2025-11-02,63.0,12.0,4.0,20.0,8.0,21.0,29.0,1.0,1.0,10.0,53.0
2025-11-09,41.0,7.0,3.0,19.0,4.0,19.0,25.0,0.0,0.0,5.0,32.0
2025-11-16,35.0,5.0,2.0,17.0,5.0,14.0,23.0,1.0,0.0,4.0,16.0
2025-11-23,36.0,6.0,2.0,16.0,4.0,12.0,23.0,1.0,0.0,4.0,19.0
2025-11-30,37.0,6.0,3.0,14.0,4.0,13.0,21.0,1.0,1.0,3.0,16.0
2025-12-07,36.0,6.0,2.0,17.0,3.0,15.0,22.0,1.0,1.0,3.0,19.0
2025-12-14,45.0,7.0,3.0,16.0,4.0,17.0,24.0,1.0,1.0,5.0,24.0
2025-12-21,47.0,9.0,4.0,17.0,6.0,18.0,24.0,1.0,1.0,5.0,33.0
2025-12-28,38.0,7.0,3.0,12.0,5.0,13.0,19.0,1.0,0.0,4.0,27.0
2026-01-04,34.0,5.0,3.0,13.0,5.0,13.0,22.0,1.0,0.0,4.0,22.0
2026-01-11,28.0,4.0,2.0,11.0,3.0,10.0,22.0,1.0,1.0,2.0,13.0
2026-01-18,28.0,5.0,1.0,11.0,2.0,12.0,25.0,1.0,1.0,2.0,12.0
2026-01-25,27.0,4.0,1.0,11.0,3.0,11.0,23.0,1.0,1.0,3.0,13.0
2026-02-01,26.0,5.0,1.0,10.0,2.0,10.0,18.0,1.0,0.0,3.0,12.0
2026-02-08,16.0,3.0,1.0,5.0,2.0,7.0,11.0,1.0,1.0,1.0,8.0
2026-02-15,12.0,3.0,1.0,4.0,2.0,4.0,4.0,0.0,0.0,1.0,5.0
2026-02-22,30.0,5.0,2.0,10.0,3.0,9.0,14.0,1.0,1.0,3.0,11.0
2026-03-01,35.0,5.0,2.0,14.0,3.0,10.0,17.0,1.0,1.0,3.0,15.0
2026-03-08,34.0,6.0,2.0,14.0,4.0,12.0,19.0,1.0,1.0,4.0,16.0
2026-03-15,37.0,6.0,2.0,14.0,4.0,12.0,23.0,1.0,1.0,4.0,16.0
2026-03-22,35.0,5.0,2.0,14.0,4.0,12.0,21.0,1.0,1.0,4.0,14.0
2026-03-29,39.0,6.0,1.0,16.0,4.0,13.0,20.0,2.0,1.0,3.0,16.0
2026-04-05,38.0,5.0,2.0,17.0,4.0,14.0,22.0,1.0,1.0,4.0,15.0
2026-04-12,41.0,7.0,3.0,15.0,5.0,14.0,23.0,1.0,1.0,4.0,16.0
2026-04-19,39.0,7.0,3.0,17.0,6.0,14.0,24.0,1.0,1.0,4.0,15.0
2026-04-26,33.0,7.0,2.0,14.0,4.0,10.0,16.0,1.0,1.0,3.0,12.0
2026-05-03,40.0,7.0,3.0,20.0,5.0,15.0,27.0,1.0,1.0,5.0,15.0
2026-05-10,38.0,4.0,2.0,17.0,5.0,13.0,23.0,1.0,1.0,4.0,13.0
2026-05-17,37.0,6.0,3.0,17.0,5.0,13.0,23.0,1.0,2.0,4.0,13.0
2026-05-24,38.0,5.0,2.0,15.0,6.0,13.0,23.0,1.0,2.0,4.0,13.0
2026-05-31,45.0,6.0,3.0,18.0,6.0,13.0,26.0,2.0,2.0,5.0,14.0
2026-06-07,47.0,7.0,2.0,20.0,5.0,12.0,24.0,2.0,3.0,5.0,11.0
2026-06-14,54.0,8.0,3.0,13.0,8.0,11.0,22.0,2.0,2.0,6.0,12.0
2026-06-21,35.0,6.0,2.0,10.0,5.0,12.0,20.0,1.0,2.0,4.0,11.0
2026-06-28,65.0,15.0,5.0,12.0,10.0,17.0,25.0,3.0,5.0,8.0,11.0
2026-07-05,63.0,13.0,5.0,15.0,12.0,14.0,25.0,3.0,4.0,9.0,12.0
2026-07-12,43.0,8.0,3.0,12.0,6.0,12.0,23.0,2.0,3.0,5.0,11.0
2026-07-19,23.0,3.0,2.0,8.0,3.0,7.0,14.0,1.0,0.0,2.0,8.0
2026-07-26,24.0,5.0,1.0,8.0,3.0,8.0,19.0,1.0,1.0,3.0,11.0
2026-08-02,28.0,5.0,1.0,11.0,5.0,9.0,17.0,1.0,1.0,2.0,11.0
2026-08-09,74.0,13.0,4.0,18.0,11.0,13.0,23.0,4.0,3.0,9.0,13.0
2026-08-16,40.0,8.0,3.0,14.0,6.0,10.0,18.0,1.0,2.0,4.0,14.0
2026-08-23,30.0,7.0,2.0,15.0,5.0,10.0,19.0,2.0,1.0,4.0,12.0
2026-08-30,25.0,4.0,2.0,12.0,3.0,8.0,13.0,1.0,1.0,3.0,11.0
2026-09-06,32.0,9.0,2.0,19.0,5.0,11.0,25.0,2.0,2.0,5.0,15.0
2026-09-13,37.0,8.0,2.0,28.0,5.0,13.0,35.0,2.0,1.0,5.0,16.0
2026-09-20,32.0,7.0,1.0,20.0,6.0,17.0,29.0,1.0,1.0,3.0,18.0
2026-09-27,35.0,7.0,2.0,23.0,6.0,15.0,27.0,1.0,1.0,5.0,21.0
2026-10-04,38.0,8.0,2.0,22.0,5.0,15.0,29.0,1.0,1.0,5.0,22.0
