date,Công nghệ thông tin,UIT,Đại học Công nghệ Thông tin,Đại học FPT,HUST,Bách Khoa Hà Nội,HCMUT,Bách Khoa TP.HCM,HCMUS,Khoa học Tự nhiên,PTIT,Bưu chính Viễn thông,HCMUTE,Sư phạm Kỹ thuật,UET,Đại học Công nghệ ĐHQGHN
2021-10-03,17.0,3.0,3.0,4.0,6.0,7.15,1.19,0.6,3.57,27.53,2.29,3.06,1.53,3.57,1.79,0.0
2021-10-10,19.0,2.0,3.0,4.0,5.0,6.55,1.19,0.0,2.98,32.12,3.06,2.29,1.53,3.57,1.19,0.0
2021-10-17,19.0,2.0,3.0,3.0,5.0,4.17,0.6,0.0,4.17,33.65,2.29,2.29,2.29,2.98,1.79,0.0
2021-10-24,17.0,2.0,3.0,3.0,4.0,3.57,0.6,0.0,4.17,32.12,3.06,3.06,2.29,2.38,1.19,0.0
2021-10-31,15.0,2.0,3.0,3.0,3.0,3.57,0.6,0.0,2.98,32.12,2.29,3.06,1.53,2.38,1.19,0.0
2021-11-07,16.0,2.0,3.0,3.0,3.0,3.57,0.6,0.0,2.98,30.59,2.29,2.29,1.53,2.98,1.79,0.0
2021-11-14,15.0,2.0,3.0,3.0,3.0,4.17,1.19,0.0,3.57,27.53,2.29,2.29,2.29,2.98,1.19,0.0
2021-11-21,14.0,1.0,3.0,3.0,3.0,3.57,1.19,0.0,2.98,26.76,1.53,1.53,1.53,2.98,1.19,0.0
2021-11-28,15.0,2.0,3.0,3.0,3.0,3.57,1.19,0.0,2.98,25.24,1.53,1.53,1.53,2.38,1.19,0.0
2021-12-05,14.0,1.0,3.0,3.0,3.0,2.98,0.6,0.0,2.98,26.0,2.29,1.53,1.53,3.57,1.19,0.0
2021-12-12,14.0,2.0,3.0,3.0,3.0,2.98,0.6,0.0,2.98,23.71,3.06,1.53,2.29,2.38,1.19,0.0
2021-12-19,15.0,3.0,3.0,3.0,3.0,3.57,1.19,0.0,2.38,23.71,3.06,1.53,2.29,2.38,1.79,0.0
2021-12-26,14.0,2.0,3.0,3.0,3.0,2.98,1.19,0.0,2.38,23.71,2.29,1.53,3.06,2.38,1.19,0.0
2022-01-02,19.0,2.0,5.0,4.0,5.0,5.95,1.79,0.0,4.17,26.76,4.59,3.06,3.06,4.17,2.38,0.0
2022-01-09,18.0,2.0,4.0,5.0,5.0,5.95,1.19,0.0,5.36,21.41,4.59,3.06,3.82,4.17,2.38,0.0
2022-01-16,14.0,2.0,4.0,5.0,5.0,5.36,1.19,0.0,4.76,20.65,3.06,2.29,8.41,4.17,2.98,0.0
2022-01-23,12.0,3.0,4.0,4.0,4.0,4.76,0.6,0.0,3.57,15.29,1.53,3.06,4.59,3.57,1.79,0.0
2022-01-30,11.0,2.0,5.0,5.0,4.0,4.17,0.6,0.0,3.57,6.12,1.53,2.29,3.06,3.57,1.19,0.0
2022-02-06,23.0,3.0,9.0,11.0,8.0,8.93,0.6,0.0,10.12,25.24,7.65,5.35,3.06,9.53,2.38,0.0
2022-02-13,31.0,4.0,11.0,12.0,7.0,8.93,1.79,0.6,5.95,26.76,6.12,6.12,8.41,15.48,3.57,0.0
2022-02-20,30.0,4.0,10.0,12.0,11.0,7.74,1.19,0.0,6.55,28.29,4.59,6.88,4.59,13.7,2.98,0.0
2022-02-27,26.0,3.0,8.0,11.0,11.0,7.15,1.19,0.0,4.17,26.0,4.59,6.12,5.35,12.51,2.98,0.0
2022-03-06,27.0,3.0,7.0,10.0,8.0,7.15,1.19,0.0,2.98,25.24,3.82,6.12,3.82,9.53,2.98,0.0
2022-03-13,33.0,3.0,8.0,9.0,7.0,7.74,1.19,0.0,2.98,26.0,3.82,6.12,3.82,8.93,1.79,0.0
2022-03-20,30.0,3.0,7.0,9.0,6.0,7.15,0.6,0.0,3.57,27.53,3.82,6.12,3.06,8.93,1.79,0.0
2022-03-27,31.0,4.0,8.0,9.0,9.0,9.53,1.19,0.0,3.57,26.76,3.82,6.12,3.82,9.53,2.38,0.0
2022-04-03,31.0,5.0,9.0,9.0,9.0,8.34,1.79,0.0,3.57,28.29,4.59,5.35,4.59,13.1,2.38,0.0
2022-04-10,30.0,3.0,7.0,9.0,7.0,8.34,1.79,0.0,2.98,24.47,4.59,6.12,4.59,8.34,1.79,0.0
2022-04-17,30.0,4.0,8.0,9.0,7.0,7.74,1.19,0.0,3.57,25.24,5.35,6.12,3.82,10.72,1.79,0.0
2022-04-24,25.0,3.0,7.0,8.0,6.0,7.74,1.19,0.0,2.98,19.88,4.59,6.12,2.29,10.12,2.38,0.0
2022-05-01,24.0,3.0,7.0,9.0,5.0,7.74,1.19,0.0,3.57,20.65,3.82,6.12,2.29,8.93,1.79,0.0
2022-05-08,27.0,4.0,7.0,10.0,6.0,8.93,1.79,0.0,3.57,20.65,4.59,6.12,3.06,8.93,2.38,0.0
2022-05-15,25.0,3.0,7.0,10.0,7.0,7.74,1.79,0.0,2.98,14.53,5.35,6.12,3.06,9.53,2.38,0.0
2022-05-22,26.0,3.0,8.0,10.0,6.0,7.74,2.38,0.0,3.57,13.0,4.59,6.12,3.82,9.53,2.98,0.0
2022-05-29,29.0,4.0,9.0,11.0,6.0,8.93,1.79,0.0,3.57,15.29,5.35,6.88,6.12,12.51,3.57,0.0
2022-06-05,28.0,5.0,10.0,10.0,6.0,8.93,2.38,0.0,3.57,16.06,6.88,8.41,7.65,11.91,3.57,0.0
2022-06-12,27.0,5.0,10.0,12.0,8.0,10.72,1.79,0.0,4.76,17.59,6.12,8.41,10.71,10.12,3.57,0.0
2022-06-19,27.0,4.0,9.0,11.0,6.0,10.12,1.19,0.0,4.76,12.24,8.41,8.41,7.65,9.53,3.57,0.0
2022-06-26,30.0,8.0,12.0,11.0,9.0,11.31,1.19,0.0,6.55,19.12,6.88,9.18,6.88,14.89,4.76,0.0
2022-07-03,33.0,5.0,15.0,14.0,9.0,15.48,1.79,0.0,4.76,20.65,6.12,12.24,4.59,15.48,4.17,0.0
2022-07-10,38.0,5.0,17.0,17.0,7.0,19.65,1.79,0.0,4.76,19.12,7.65,15.29,5.35,22.03,2.98,0.0
2022-07-17,42.0,5.0,18.0,21.0,9.0,17.86,1.79,0.6,5.95,22.18,6.88,16.82,4.59,17.86,4.76,0.0
2022-07-24,60.0,7.0,34.0,34.0,11.0,33.94,1.79,0.6,4.17,30.59,8.41,30.59,4.59,29.18,4.76,0.6
2022-07-31,42.0,6.0,18.0,21.0,10.0,19.65,1.19,0.0,4.76,19.88,6.12,16.06,3.82,16.67,3.57,0.6
2022-08-07,35.0,7.0,14.0,16.0,11.0,14.89,2.38,0.0,4.17,16.82,5.35,14.53,5.35,14.29,2.98,0.0
2022-08-14,35.0,4.0,14.0,16.0,12.0,14.89,2.38,0.0,4.17,17.59,9.94,15.29,13.76,12.51,4.17,0.0
2022-08-21,22.0,3.0,7.0,10.0,11.0,8.93,2.38,0.0,7.74,12.24,5.35,5.35,9.94,6.55,2.38,0.0
2022-08-28,18.0,3.0,5.0,7.0,10.0,7.15,1.79,0.0,3.57,11.47,2.29,3.06,5.35,5.95,2.98,0.0
2022-09-04,21.0,5.0,5.0,7.0,9.0,7.15,2.38,0.0,4.17,58.88,3.82,3.82,6.12,5.36,3.57,0.0
2022-09-11,37.0,6.0,15.0,21.0,16.0,36.32,3.57,0.6,4.76,65.0,12.24,25.24,6.88,25.01,8.34,0.0
2022-09-18,33.0,6.0,10.0,19.0,12.0,21.44,4.17,0.0,5.95,55.82,9.94,9.18,12.24,14.89,4.76,0.0
2022-09-25,27.0,7.0,7.0,11.0,10.0,12.51,4.17,0.0,4.76,43.59,6.12,4.59,10.71,8.34,3.57,0.0
2022-10-02,22.0,6.0,5.0,10.0,8.0,7.74,4.17,0.0,6.55,49.71,6.12,3.82,6.12,6.55,4.17,0.0
2022-10-09,21.0,4.0,5.0,6.0,11.0,7.15,2.98,0.0,5.95,47.41,6.88,3.82,6.12,4.17,2.98,0.0
2022-10-16,20.0,4.0,4.0,6.0,10.0,6.55,2.98,0.0,4.17,47.41,6.12,4.59,4.59,4.76,2.98,0.0
2022-10-23,21.0,4.0,4.0,5.0,9.0,6.55,2.38,0.0,4.76,48.94,3.82,3.82,4.59,4.76,2.98,0.0
2022-10-30,21.0,4.0,4.0,4.0,8.0,5.36,2.38,0.0,4.17,51.24,3.82,3.82,6.88,4.76,2.98,0.0
2022-11-06,22.0,3.0,4.0,5.0,9.0,5.95,3.57,0.0,4.76,42.06,4.59,3.06,4.59,4.17,2.98,0.0
2022-11-13,19.0,3.0,4.0,5.0,7.0,5.36,2.38,0.0,4.76,33.65,3.82,2.29,5.35,4.17,2.38,0.0
2022-11-20,16.0,2.0,3.0,4.0,5.0,4.17,2.38,0.0,3.57,32.12,3.06,2.29,4.59,2.98,2.38,0.0
2022-11-27,17.0,2.0,3.0,4.0,6.0,3.57,1.79,0.0,3.57,29.82,3.82,1.53,4.59,3.57,2.38,0.0
2022-12-04,18.0,3.0,3.0,4.0,6.0,6.55,2.38,0.0,3.57,31.35,3.82,2.29,5.35,4.17,4.17,0.0
2022-12-11,17.0,3.0,3.0,4.0,7.0,5.36,3.57,0.0,3.57,29.82,5.35,2.29,6.88,5.36,2.98,0.0
2022-12-18,18.0,4.0,3.0,4.0,8.0,4.76,2.98,0.0,3.57,29.82,5.35,2.29,6.88,5.36,2.98,0.0
2022-12-25,18.0,5.0,4.0,5.0,7.0,4.17,4.17,0.0,4.17,32.88,4.59,2.29,9.94,4.17,2.98,0.0
2023-01-01,16.0,10.0,4.0,5.0,6.0,4.76,3.57,0.0,4.17,27.53,5.35,2.29,15.29,4.17,2.38,0.0
2023-01-08,14.0,4.0,3.0,4.0,6.0,4.17,2.98,0.0,4.17,18.35,4.59,2.29,9.18,4.17,1.79,0.0
2023-01-15,9.0,2.0,2.0,3.0,2.0,3.57,1.19,0.0,4.17,9.18,3.06,1.53,5.35,2.38,1.19,0.0
2023-01-22,12.0,2.0,5.0,5.0,3.0,4.76,0.6,0.0,2.98,8.41,3.82,3.06,3.82,4.76,1.79,0.0
2023-01-29,22.0,4.0,7.0,8.0,7.0,7.15,2.38,0.0,5.95,30.59,7.65,4.59,13.0,8.34,4.17,0.0
2023-02-05,25.0,5.0,7.0,10.0,9.0,8.93,2.98,0.0,8.34,30.59,6.12,5.35,7.65,8.93,3.57,0.0
2023-02-12,22.0,4.0,7.0,9.0,12.0,7.74,2.38,0.0,7.15,32.88,4.59,3.82,6.12,8.34,2.98,0.0
2023-02-19,23.0,5.0,7.0,9.0,10.0,7.15,2.98,0.0,7.15,34.41,6.12,3.82,5.35,8.34,2.38,0.0
2023-02-26,26.0,7.0,6.0,8.0,14.0,7.74,3.57,0.0,5.36,33.65,5.35,3.82,5.35,10.12,2.98,0.0
2023-03-05,23.0,5.0,6.0,8.0,11.0,7.15,1.79,0.0,4.17,30.59,4.59,3.82,4.59,7.74,2.98,0.0
2023-03-12,25.0,4.0,6.0,8.0,14.0,7.74,2.38,0.0,3.57,30.59,5.35,3.82,4.59,7.15,2.38,0.0
2023-03-19,24.0,4.0,6.0,8.0,20.0,8.34,1.79,0.0,4.17,29.82,6.12,3.82,3.82,8.34,2.98,0.0
2023-03-26,26.0,5.0,6.0,8.0,16.0,7.74,1.79,0.0,3.57,31.35,5.35,4.59,4.59,8.34,2.98,0.0
2023-04-02,26.0,5.0,7.0,8.0,14.0,8.34,2.98,0.0,4.17,36.71,6.12,5.35,4.59,10.72,2.38,0.0
2023-04-09,25.0,4.0,7.0,8.0,10.0,8.93,2.98,0.0,4.17,32.12,5.35,6.88,5.35,8.93,2.38,0.0
2023-04-16,24.0,5.0,7.0,7.0,8.0,7.15,2.98,0.0,3.57,32.12,5.35,6.88,3.82,8.34,2.98,0.0
2023-04-23,24.0,4.0,7.0,8.0,7.0,7.15,1.79,0.0,4.76,30.59,3.82,6.88,3.82,9.53,2.38,0.0
2023-04-30,21.0,4.0,8.0,9.0,7.0,7.74,1.79,0.0,3.57,24.47,4.59,7.65,3.82,8.93,2.38,0.0
2023-05-07,27.0,4.0,8.0,9.0,8.0,8.34,2.38,0.0,4.17,28.29,6.12,9.18,4.59,9.53,2.98,0.0
2023-05-14,27.0,4.0,9.0,10.0,8.0,9.53,2.98,0.0,3.57,20.65,7.65,8.41,5.35,10.12,4.17,0.0
2023-05-21,26.0,5.0,8.0,10.0,8.0,8.93,2.98,0.0,3.57,13.76,9.18,9.18,8.41,10.72,4.17,0.0
2023-05-28,27.0,6.0,9.0,10.0,9.0,10.72,3.57,0.0,4.17,16.82,8.41,8.41,7.65,12.51,4.17,0.0
2023-06-04,28.0,8.0,11.0,10.0,10.0,12.51,4.76,0.0,4.76,19.88,6.88,6.88,9.18,16.08,4.76,0.0
2023-06-11,26.0,6.0,9.0,11.0,10.0,13.1,2.98,0.0,4.76,19.12,15.29,15.29,12.24,12.51,6.55,0.0
2023-06-18,32.0,10.0,12.0,12.0,10.0,13.1,2.98,0.0,6.55,19.88,9.94,8.41,9.94,14.29,4.76,0.0
2023-06-25,36.0,8.0,15.0,15.0,9.0,19.65,2.38,0.6,6.55,26.76,6.12,11.47,9.94,29.77,4.76,0.6
2023-07-02,42.0,7.0,17.0,17.0,15.0,23.82,1.79,0.0,7.15,26.0,9.94,13.76,6.88,25.01,6.55,0.6
2023-07-09,32.0,6.0,12.0,13.0,13.0,17.27,2.38,0.0,6.55,19.12,9.18,9.94,5.35,16.67,4.76,0.6
2023-07-16,48.0,8.0,26.0,24.0,21.0,44.07,2.98,0.6,7.15,37.47,13.76,26.0,6.12,39.3,7.15,0.6
2023-07-23,42.0,6.0,17.0,18.0,17.0,29.18,2.98,0.0,5.36,25.24,8.41,16.06,5.35,27.99,5.36,0.6
2023-07-30,24.0,6.0,7.0,10.0,15.0,14.29,2.38,0.0,4.17,15.29,4.59,5.35,5.35,11.31,3.57,0.0
2023-08-06,20.0,4.0,6.0,9.0,16.0,10.12,4.17,0.0,4.17,13.76,3.82,3.82,6.12,8.34,2.98,0.0
2023-08-13,22.0,5.0,5.0,8.0,16.0,9.53,2.98,0.0,4.17,13.76,9.18,3.82,15.29,9.53,2.98,0.0
2023-08-20,40.0,15.0,16.0,22.0,39.0,43.47,5.95,0.6,6.55,30.59,18.35,27.53,16.06,35.73,11.31,0.6
2023-08-27,25.0,7.0,9.0,13.0,17.0,14.89,4.76,0.0,6.55,17.59,9.18,6.88,10.71,11.31,5.95,0.0
2023-09-03,24.0,8.0,7.0,11.0,17.0,12.51,6.55,0.0,9.53,66.53,6.88,5.35,12.24,9.53,5.36,0.0
2023-09-10,23.0,10.0,5.0,9.0,15.0,8.93,4.76,0.0,10.12,67.29,7.65,4.59,12.24,8.34,5.36,0.0
2023-09-17,23.0,8.0,5.0,7.0,15.0,8.34,4.76,0.0,10.72,53.53,8.41,3.82,9.94,6.55,4.17,0.0
2023-09-24,21.0,7.0,3.0,5.0,14.0,6.55,4.17,0.0,5.36,48.94,6.88,3.06,8.41,5.36,3.57,0.0
2023-10-01,21.0,6.0,4.0,5.0,14.0,7.74,4.17,0.0,5.95,51.24,6.88,2.29,7.65,5.36,3.57,0.0
2023-10-08,22.0,6.0,4.0,5.0,11.0,6.55,3.57,0.0,6.55,52.0,7.65,2.29,5.35,4.17,3.57,0.0
2023-10-15,20.0,6.0,4.0,4.0,11.0,5.36,3.57,0.0,4.76,49.71,6.12,3.06,6.12,5.36,3.57,0.0
2023-10-22,22.0,6.0,4.0,4.0,11.0,5.95,3.57,0.0,5.36,49.71,6.12,3.06,6.12,5.36,2.38,0.0
2023-10-29,24.0,5.0,4.0,4.0,10.0,5.36,5.95,0.0,5.36,51.24,5.35,3.06,6.88,5.36,2.98,0.0
2023-11-05,22.0,5.0,4.0,5.0,10.0,5.95,4.17,0.0,5.95,42.82,5.35,3.06,6.12,4.76,3.57,0.0
2023-11-12,19.0,6.0,3.0,4.0,9.0,4.76,4.17,0.0,5.95,39.0,4.59,2.29,5.35,4.17,2.98,0.0
2023-11-19,19.0,4.0,4.0,5.0,11.0,4.76,2.98,0.0,5.95,37.47,5.35,2.29,4.59,3.57,2.98,0.0
2023-11-26,20.0,5.0,4.0,5.0,10.0,5.95,3.57,0.0,5.36,41.29,5.35,2.29,6.88,4.17,3.57,0.0
2023-12-03,20.0,4.0,4.0,5.0,10.0,6.55,3.57,0.0,4.17,38.24,4.59,2.29,6.88,4.76,3.57,0.0
2023-12-10,20.0,4.0,3.0,4.0,10.0,5.36,6.55,0.0,4.17,37.47,6.12,3.06,8.41,4.76,2.98,0.0
2023-12-17,19.0,5.0,4.0,5.0,10.0,5.36,5.36,0.0,4.17,33.65,6.12,2.29,9.94,4.76,3.57,0.0
2023-12-24,18.0,7.0,4.0,4.0,9.0,4.76,5.36,0.0,4.17,41.29,7.65,2.29,14.53,4.76,4.17,0.0
2023-12-31,17.0,12.0,3.0,4.0,10.0,5.36,4.17,0.0,4.76,30.59,6.12,2.29,27.53,5.36,3.57,0.0
2024-01-07,19.0,7.0,4.0,6.0,15.0,6.55,6.55,0.0,5.36,26.0,5.35,2.29,22.18,7.15,4.17,0.0
2024-01-14,18.0,6.0,5.0,7.0,24.0,6.55,4.76,0.0,4.76,32.12,8.41,3.82,12.24,6.55,5.95,0.0
2024-01-21,16.0,5.0,4.0,5.0,19.0,4.76,4.17,0.0,5.36,32.12,10.71,3.06,7.65,5.36,3.57,0.0
2024-01-28,13.0,5.0,3.0,5.0,22.0,5.36,2.98,0.0,4.76,29.82,6.12,2.29,3.06,4.76,4.76,0.0
2024-02-04,8.0,5.0,2.0,3.0,16.0,4.17,1.79,0.0,4.17,7.65,3.06,2.29,1.53,2.98,1.79,0.0
2024-02-11,12.0,4.0,4.0,5.0,13.0,5.95,1.79,0.0,4.17,13.0,3.82,3.82,2.29,5.36,2.38,0.0
2024-02-18,22.0,8.0,6.0,8.0,21.0,8.93,4.17,0.0,9.53,36.71,6.88,4.59,5.35,9.53,5.95,0.0
2024-02-25,22.0,9.0,5.0,8.0,16.0,7.15,4.17,0.6,7.74,39.76,6.88,4.59,6.12,12.51,6.55,0.0
2024-03-03,24.0,7.0,6.0,8.0,14.0,7.15,4.17,0.6,7.15,35.18,6.88,5.35,6.12,9.53,5.36,0.0
2024-03-10,25.0,6.0,6.0,7.0,14.0,8.34,4.17,0.0,4.76,36.71,6.88,4.59,6.12,8.34,4.76,0.0
2024-03-17,25.0,6.0,6.0,7.0,14.0,8.34,3.57,0.0,4.76,35.94,7.65,5.35,5.35,10.12,4.17,0.0
2024-03-24,24.0,7.0,6.0,8.0,14.0,7.74,4.76,0.0,4.76,32.88,6.88,5.35,6.12,10.12,4.76,0.0
2024-03-31,24.0,6.0,6.0,7.0,11.0,7.74,4.17,0.6,4.76,32.12,6.88,6.12,6.88,9.53,4.17,0.0
2024-04-07,25.0,6.0,7.0,8.0,13.0,8.34,3.57,0.0,4.76,35.94,8.41,7.65,6.88,10.12,4.76,0.0
2024-04-14,23.0,8.0,7.0,7.0,12.0,7.74,5.36,0.6,5.95,35.94,11.47,8.41,6.12,11.31,3.57,0.0
2024-04-21,25.0,6.0,6.0,6.0,12.0,8.34,4.17,0.0,5.95,34.41,9.18,9.18,5.35,9.53,3.57,0.0
2024-04-28,22.0,6.0,7.0,7.0,11.0,8.93,3.57,0.0,4.17,29.82,9.18,8.41,5.35,8.93,3.57,0.0
2024-05-05,28.0,6.0,7.0,8.0,13.0,10.12,4.76,0.0,5.36,40.53,12.24,12.24,6.88,11.31,4.76,0.0
2024-05-12,27.0,7.0,7.0,8.0,15.0,10.72,4.76,0.0,5.36,27.53,14.53,10.71,6.88,12.51,5.95,0.0
2024-05-19,24.0,6.0,6.0,8.0,14.0,10.72,4.76,0.0,4.76,16.06,17.59,11.47,9.18,11.31,5.95,0.0
2024-05-26,23.0,7.0,7.0,8.0,18.0,11.91,4.76,0.0,4.17,15.29,16.82,9.94,9.18,10.72,7.15,0.0
2024-06-02,22.0,7.0,8.0,8.0,14.0,9.53,6.55,0.0,5.95,19.12,12.24,8.41,12.24,11.31,7.74,0.0
2024-06-09,25.0,10.0,9.0,9.0,19.0,11.91,7.15,0.0,7.15,24.47,20.65,10.71,16.82,13.1,8.34,0.0
2024-06-16,22.0,9.0,8.0,9.0,18.0,11.31,4.17,0.0,4.76,16.06,15.29,8.41,9.18,11.91,8.34,0.0
2024-06-23,27.0,9.0,10.0,10.0,23.0,15.48,4.76,0.6,5.95,22.94,10.71,10.71,7.65,17.86,11.91,0.6
2024-06-30,31.0,13.0,13.0,11.0,27.0,17.27,5.36,0.6,11.31,29.06,11.47,10.71,12.24,26.2,8.93,0.0
2024-07-07,25.0,8.0,10.0,9.0,27.0,14.89,4.17,0.0,6.55,19.12,9.94,7.65,5.35,14.29,5.36,0.0
2024-07-14,45.0,11.0,24.0,22.0,32.0,36.32,5.95,0.6,8.34,39.0,16.06,25.24,6.88,33.35,10.12,0.6
2024-07-21,38.0,9.0,17.0,17.0,29.0,27.39,5.36,0.6,8.93,29.82,13.76,18.35,6.12,26.2,9.53,0.6
2024-07-28,26.0,7.0,9.0,10.0,18.0,16.67,7.15,0.0,6.55,19.12,9.18,9.18,5.35,13.1,5.95,0.6
2024-08-04,20.0,8.0,5.0,7.0,20.0,10.12,4.76,0.0,5.36,15.29,6.12,3.82,6.88,6.55,3.57,0.0
2024-08-11,23.0,15.0,8.0,9.0,21.0,23.82,6.55,0.6,7.74,22.18,11.47,10.71,16.82,14.89,7.74,0.0
2024-08-18,39.0,17.0,17.0,22.0,40.0,32.75,11.91,0.6,13.1,32.88,29.06,29.06,21.41,32.75,11.91,0.6
2024-08-25,23.0,10.0,7.0,10.0,22.0,13.7,10.72,0.0,8.93,19.12,10.71,6.88,12.24,11.31,6.55,0.0
2024-09-01,20.0,11.0,6.0,9.0,18.0,10.12,6.55,0.0,8.34,32.88,9.18,4.59,9.94,8.93,7.74,0.0
2024-09-08,29.0,11.0,6.0,7.0,28.0,8.34,7.74,0.0,10.12,75.71,13.76,4.59,9.94,7.74,9.53,0.0
2024-09-15,26.0,9.0,5.0,6.0,23.0,8.93,6.55,0.0,8.34,65.76,9.94,3.82,7.65,5.95,7.74,0.0
2024-09-22,24.0,8.0,5.0,5.0,22.0,9.53,5.95,0.0,6.55,63.47,8.41,3.06,7.65,5.36,6.55,0.0
2024-09-29,25.0,6.0,4.0,4.0,19.0,7.74,7.74,0.0,7.74,58.88,7.65,3.06,8.41,5.36,6.55,0.0
2024-10-06,23.0,6.0,3.0,4.0,19.0,10.12,6.55,0.0,6.55,59.65,9.18,3.06,6.88,4.76,5.36,0.0
2024-10-13,26.0,7.0,4.0,4.0,19.0,7.15,6.55,0.0,7.15,58.88,9.18,2.29,6.88,5.36,5.95,0.0
2024-10-20,33.0,6.0,4.0,5.0,18.0,6.55,7.74,0.0,6.55,63.47,8.41,2.29,6.88,5.36,7.15,0.0
2024-10-27,46.0,7.0,5.0,4.0,17.0,5.36,9.53,0.0,6.55,58.88,8.41,3.06,5.35,4.17,6.55,0.0
2024-11-03,39.0,7.0,5.0,4.0,15.0,5.36,7.74,0.0,7.15,61.94,7.65,3.06,6.12,4.17,5.36,0.0
2024-11-10,25.0,7.0,4.0,4.0,19.0,5.95,6.55,0.0,7.15,48.18,6.88,2.29,5.35,4.17,5.95,0.0
2024-11-17,20.0,7.0,3.0,4.0,18.0,5.95,5.95,0.0,6.55,43.59,8.41,3.82,8.41,4.76,5.95,0.0
2024-11-24,22.0,7.0,4.0,4.0,17.0,5.36,5.95,0.0,7.15,50.47,7.65,3.06,7.65,4.76,4.76,0.0
2024-12-01,21.0,7.0,3.0,4.0,18.0,5.95,6.55,0.0,5.36,48.18,9.18,2.29,9.94,4.76,5.36,0.0
2024-12-08,23.0,7.0,4.0,4.0,15.0,4.76,10.12,0.0,5.36,46.65,9.18,3.06,9.94,4.17,6.55,0.0
2024-12-15,27.0,6.0,3.0,5.0,16.0,5.36,7.74,0.0,5.95,45.88,9.18,3.82,10.71,4.76,6.55,0.0
2024-12-22,29.0,9.0,4.0,4.0,17.0,5.95,7.74,0.0,5.36,47.41,9.18,3.82,13.0,4.17,6.55,0.0
2024-12-29,23.0,15.0,3.0,4.0,19.0,5.36,6.55,0.0,4.76,42.06,7.65,3.06,27.53,4.17,5.95,0.0
2025-01-05,21.0,9.0,3.0,5.0,29.0,5.95,7.74,0.0,5.95,35.18,4.59,3.06,20.65,4.76,7.15,0.0
2025-01-12,15.0,7.0,3.0,4.0,39.0,6.55,6.55,0.0,5.95,28.29,6.12,3.06,9.94,3.57,7.15,0.0
2025-01-19,11.0,7.0,3.0,3.0,34.0,5.36,2.38,0.0,4.17,18.35,4.59,2.29,3.82,3.57,5.36,0.0
2025-01-26,8.0,4.0,3.0,3.0,16.0,4.76,1.79,0.0,3.57,6.88,3.82,2.29,3.06,2.98,2.98,0.0
2025-02-02,17.0,7.0,5.0,6.0,18.0,7.74,4.17,0.0,5.95,35.94,12.24,3.82,4.59,7.15,7.15,0.6
2025-02-09,21.0,7.0,5.0,6.0,23.0,6.55,5.36,0.0,18.46,41.29,11.47,3.82,9.18,6.55,8.34,0.0
2025-02-16,23.0,9.0,5.0,6.0,19.0,5.95,5.95,0.0,11.31,39.0,7.65,3.82,6.88,7.15,6.55,0.0
2025-02-23,25.0,7.0,5.0,5.0,15.0,6.55,5.95,0.6,10.12,40.53,8.41,4.59,6.12,5.95,5.95,0.0
2025-03-02,23.0,7.0,4.0,6.0,15.0,6.55,4.76,0.0,7.74,39.76,8.41,3.82,6.12,5.95,6.55,0.0
2025-03-09,22.0,7.0,4.0,6.0,18.0,7.15,5.36,0.0,7.15,38.24,9.94,3.82,6.88,5.95,5.95,0.0
2025-03-16,23.0,7.0,5.0,6.0,17.0,8.93,5.36,0.6,6.55,38.24,9.94,3.82,6.12,5.95,6.55,0.0
2025-03-23,22.0,7.0,5.0,7.0,14.0,7.15,5.36,0.0,5.95,34.41,9.18,3.82,6.12,5.95,5.95,0.0
2025-03-30,22.0,7.0,4.0,6.0,14.0,7.15,5.36,0.0,6.55,35.18,8.41,3.82,5.35,6.55,5.36,0.0
2025-04-06,20.0,6.0,4.0,5.0,15.0,7.74,4.76,0.0,6.55,32.88,8.41,4.59,4.59,5.36,5.36,0.0
2025-04-13,22.0,8.0,5.0,5.0,17.0,5.95,5.36,0.0,7.74,36.71,8.41,4.59,6.12,8.34,5.36,0.0
2025-04-20,22.0,6.0,4.0,5.0,14.0,7.15,4.76,0.0,7.74,37.47,7.65,5.35,4.59,5.95,5.95,0.0
2025-04-27,14.0,5.0,3.0,4.0,9.0,5.95,3.57,0.0,3.57,22.94,4.59,3.82,4.59,5.36,3.57,0.0
2025-05-04,22.0,8.0,5.0,5.0,18.0,9.53,6.55,0.0,5.95,34.41,9.94,6.12,9.18,8.93,5.95,0.0
2025-05-11,22.0,8.0,5.0,6.0,17.0,9.53,7.15,0.6,7.15,25.24,12.24,6.88,9.18,9.53,5.95,0.0
2025-05-18,20.0,8.0,6.0,9.0,16.0,9.53,7.15,0.0,6.55,16.06,13.0,7.65,11.47,10.12,5.95,0.0
2025-05-25,18.0,7.0,5.0,7.0,17.0,8.93,5.95,0.0,6.55,13.76,12.24,6.88,11.47,10.12,7.15,0.0
2025-06-01,21.0,8.0,6.0,8.0,18.0,10.12,8.93,0.0,7.15,17.59,13.76,8.41,13.0,13.1,10.12,0.0
2025-06-08,19.0,11.0,6.0,8.0,21.0,10.12,8.34,0.0,8.34,22.18,20.65,9.94,17.59,13.1,8.93,0.0
2025-06-15,21.0,12.0,7.0,8.0,23.0,10.12,8.93,0.6,11.91,20.65,16.82,8.41,11.47,16.08,7.74,0.0
2025-06-22,23.0,11.0,9.0,10.0,36.0,13.7,7.15,0.6,10.72,21.41,16.82,12.24,9.18,17.86,8.34,0.0
2025-06-29,29.0,11.0,11.0,11.0,30.0,17.86,5.95,0.6,13.1,26.76,21.41,15.29,11.47,22.63,9.53,0.6
2025-07-06,23.0,11.0,8.0,9.0,25.0,13.7,6.55,0.6,11.91,20.65,18.35,8.41,9.18,15.48,7.15,0.0
2025-07-13,48.0,15.0,24.0,23.0,38.0,41.68,7.74,0.6,15.48,42.82,27.53,26.0,17.59,52.4,13.7,0.6
2025-07-20,40.0,14.0,19.0,17.0,31.0,31.56,7.74,0.6,15.48,38.24,28.29,29.06,13.76,48.23,17.27,0.6
2025-07-27,27.0,9.0,10.0,13.0,26.0,15.48,8.93,0.6,10.72,20.65,13.0,12.24,9.18,17.86,8.93,0.0
2025-08-03,19.0,6.0,5.0,6.0,25.0,10.12,6.55,0.0,8.34,15.29,8.41,3.82,9.18,7.74,4.76,0.0
2025-08-10,17.0,6.0,4.0,6.0,15.0,8.34,5.95,0.0,8.93,15.29,12.24,4.59,18.35,8.34,4.76,0.0
2025-08-17,39.0,23.0,17.0,17.0,51.0,52.4,13.1,0.6,22.03,45.88,43.59,34.41,29.82,54.79,24.42,0.6
2025-08-24,35.0,24.0,14.0,17.0,35.0,28.58,13.7,0.0,20.25,32.12,36.71,20.65,18.35,25.61,17.27,0.0
2025-08-31,22.0,13.0,7.0,11.0,23.0,14.29,9.53,0.0,12.51,21.41,17.59,7.65,13.0,11.31,8.93,0.0
2025-09-07,27.0,15.0,7.0,8.0,27.0,14.29,11.31,0.0,18.46,76.47,16.82,5.35,12.24,10.12,12.51,0.0
2025-09-14,24.0,11.0,5.0,6.0,29.0,10.12,9.53,0.6,13.1,71.12,14.53,4.59,9.94,7.74,10.12,0.0
2025-09-21,25.0,9.0,5.0,4.0,27.0,9.53,8.34,0.0,14.29,64.24,10.71,3.82,9.18,6.55,8.93,0.0
2025-09-28,22.0,10.0,4.0,5.0,24.0,7.74,8.93,0.0,13.7,59.65,10.71,3.06,9.18,5.36,8.34,0.0
2025-10-05,25.0,9.0,4.0,4.0,24.0,7.74,8.93,0.0,13.1,56.59,10.71,3.06,8.41,5.36,8.34,0.0
2025-10-12,29.0,8.0,5.0,4.0,22.0,8.93,8.34,0.0,11.31,61.94,11.47,3.06,9.18,4.76,10.12,0.0
2025-10-19,32.0,8.0,5.0,4.0,20.0,6.55,11.91,0.0,11.91,58.12,9.94,3.06,10.71,5.36,8.93,0.0
2025-10-26,41.0,8.0,6.0,4.0,17.0,6.55,10.72,0.0,9.53,63.47,11.47,3.06,14.53,5.95,8.93,0.0
2025-11-02,38.0,8.0,5.0,4.0,20.0,5.95,8.93,0.6,10.72,55.82,10.71,3.06,13.76,5.36,8.34,0.0
2025-11-09,24.0,8.0,4.0,4.0,19.0,5.95,8.93,0.0,12.51,42.82,11.47,3.82,9.18,4.76,7.74,0.0
2025-11-16,21.0,7.0,4.0,5.0,20.0,6.55,7.15,0.0,12.51,37.47,9.18,2.29,7.65,4.76,5.95,0.0
2025-11-23,21.0,8.0,5.0,4.0,21.0,5.95,7.74,0.0,12.51,45.12,13.0,3.82,6.12,4.76,5.95,0.0
2025-11-30,22.0,7.0,5.0,4.0,23.0,6.55,7.15,0.0,9.53,44.35,13.76,3.82,5.35,4.17,5.95,0.0
2025-12-07,22.0,7.0,4.0,4.0,18.0,6.55,10.12,0.0,9.53,42.82,13.0,3.06,4.59,4.17,5.36,0.0
2025-12-14,27.0,7.0,6.0,4.0,17.0,5.95,8.34,0.0,9.53,37.47,12.24,3.06,5.35,4.17,4.76,0.0
2025-12-21,28.0,9.0,5.0,3.0,19.0,6.55,7.74,0.0,8.93,39.76,13.76,3.82,6.12,5.36,5.36,0.0
2025-12-28,22.0,14.0,4.0,3.0,18.0,5.36,6.55,0.0,7.15,34.41,9.18,2.29,6.88,5.95,2.98,0.0
2026-01-04,20.0,8.0,4.0,4.0,28.0,5.95,7.15,0.0,8.93,35.94,10.71,3.06,10.71,5.36,5.36,0.0
2026-01-11,17.0,9.0,3.0,4.0,23.0,5.36,8.34,0.0,9.53,28.29,13.0,3.82,14.53,5.36,6.55,0.0
2026-01-18,17.0,7.0,3.0,3.0,28.0,5.95,6.55,0.0,11.91,30.59,10.71,3.06,11.47,5.36,5.36,0.0
2026-01-25,16.0,9.0,3.0,3.0,31.0,7.74,7.15,0.0,11.31,35.94,9.94,3.06,8.41,4.76,5.36,0.0
2026-02-01,15.0,7.0,3.0,3.0,36.0,7.15,4.76,0.0,13.7,32.12,7.65,3.06,6.12,4.17,5.36,0.0
2026-02-08,10.0,6.0,2.0,2.0,17.0,4.17,2.98,0.0,10.12,14.53,3.82,1.53,3.06,2.38,3.57,0.0
2026-02-15,7.0,4.0,2.0,3.0,11.0,4.76,2.38,0.0,5.36,7.65,3.06,2.29,2.29,2.98,3.57,0.0
2026-02-22,18.0,7.0,5.0,5.0,29.0,9.53,5.95,0.0,10.72,33.65,8.41,3.82,5.35,5.36,7.15,0.0
2026-03-01,21.0,7.0,4.0,4.0,26.0,7.74,5.95,0.0,18.46,34.41,9.94,3.06,7.65,5.95,6.55,0.0
2026-03-08,20.0,8.0,4.0,5.0,25.0,8.34,5.95,0.0,13.7,33.65,9.18,3.82,6.12,5.36,7.15,0.0
2026-03-15,22.0,7.0,5.0,5.0,22.0,7.74,6.55,0.0,11.31,33.65,10.71,4.59,6.12,5.36,6.55,0.0
2026-03-22,21.0,7.0,5.0,5.0,23.0,10.12,6.55,0.6,10.12,30.59,9.94,4.59,6.12,5.95,7.74,0.0
2026-03-29,23.0,8.0,6.0,5.0,19.0,7.74,6.55,0.6,10.12,30.59,11.47,5.35,6.12,7.15,7.15,0.0
2026-04-05,23.0,8.0,5.0,5.0,19.0,7.15,6.55,0.0,11.31,31.35,9.94,5.35,6.88,5.95,8.34,0.0
2026-04-12,25.0,8.0,7.0,5.0,20.0,9.53,7.74,0.0,12.51,33.65,9.94,5.35,9.18,7.74,7.74,0.0
2026-04-19,23.0,7.0,5.0,5.0,14.0,7.15,7.15,0.0,10.72,31.35,9.94,6.12,9.94,5.36,7.15,0.0
2026-04-26,20.0,5.0,6.0,5.0,13.0,7.15,4.17,0.0,8.34,22.94,8.41,4.59,7.65,5.95,5.36,0.0
2026-05-03,24.0,7.0,6.0,5.0,21.0,8.34,8.34,0.0,11.91,29.06,14.53,17.59,9.18,7.15,6.55,0.0
2026-05-10,23.0,7.0,6.0,6.0,24.0,10.72,8.34,0.0,10.12,24.47,14.53,8.41,6.88,7.74,9.53,0.0
2026-05-17,22.0,8.0,6.0,6.0,23.0,11.31,8.93,0.0,11.31,22.18,17.59,9.94,6.88,7.74,9.53,0.0
2026-05-24,23.0,9.0,7.0,6.0,27.0,14.29,11.31,1.79,13.1,20.65,20.65,9.94,9.18,9.53,11.91,0.6
2026-05-31,27.0,11.0,9.0,8.0,25.0,12.51,14.29,0.6,17.27,25.24,23.71,10.71,10.71,12.51,13.1,0.0
2026-06-07,28.0,11.0,12.0,8.0,27.0,15.48,13.1,0.6,15.48,22.18,24.47,10.71,10.71,14.89,13.7,0.0
2026-06-14,32.0,13.0,14.0,11.0,32.0,18.46,17.27,0.6,22.03,28.29,32.12,16.82,16.82,19.06,17.86,0.6
2026-06-21,21.0,7.0,8.0,7.0,28.0,10.72,8.93,0.0,16.08,17.59,16.82,6.88,7.65,8.93,8.93,0.0
2026-06-28,39.0,12.0,19.0,17.0,41.0,34.54,11.91,1.19,22.03,32.12,27.53,19.12,16.82,30.37,19.06,0.6
2026-07-05,38.0,13.0,18.0,13.0,42.0,27.99,10.72,0.6,23.22,32.88,25.24,17.59,13.76,27.39,13.1,0.6
2026-07-12,26.0,9.0,10.0,7.0,33.0,15.48,8.34,3.57,16.08,19.12,14.53,9.94,8.41,13.1,8.34,0.0
2026-07-19,14.0,6.0,5.0,3.0,43.0,7.15,8.34,0.0,8.93,10.71,6.88,3.06,4.59,3.57,3.57,0.0
2026-07-26,15.0,7.0,4.0,4.0,31.0,10.12,5.95,0.6,10.72,11.47,8.41,3.82,5.35,4.76,4.17,0.0
2026-08-02,17.0,6.0,5.0,4.0,32.0,9.53,7.15,0.6,11.31,12.24,8.41,3.06,6.12,4.76,4.76,0.0
2026-08-09,44.0,31.0,20.0,15.0,100.0,52.4,20.84,2.98,41.09,42.06,63.47,34.41,32.88,34.54,36.92,0.6
2026-08-16,24.0,18.0,8.0,8.0,34.0,13.7,13.1,1.19,19.65,18.35,23.71,9.18,18.35,10.72,10.12,0.0
2026-08-23,18.0,14.0,5.0,6.0,28.0,13.1,14.29,0.6,22.03,15.29,27.53,5.35,13.76,6.55,7.74,0.0
2026-08-30,15.0,9.0,4.0,4.0,22.0,8.93,8.93,0.0,12.51,13.76,13.76,4.59,9.18,5.36,7.74,0.0
2026-09-06,19.0,14.0,5.0,5.0,38.0,10.12,11.91,1.19,21.44,55.82,17.59,3.82,9.94,5.36,8.34,0.0
2026-09-13,22.0,11.0,5.0,5.0,32.0,10.12,10.72,0.0,18.46,49.71,15.29,3.82,6.88,4.17,7.15,0.0
2026-09-20,19.0,9.0,4.0,4.0,27.0,8.34,9.53,0.0,14.29,35.18,13.76,3.06,8.41,3.57,6.55,0.0
2026-09-27,21.0,10.0,4.0,4.0,30.0,8.93,10.72,0.0,19.06,42.06,13.0,3.82,8.41,4.17,5.95,0.0
2026-10-04,22.0,10.0,4.0,3.0,38.0,8.93,12.51,0.0,16.67,43.59,12.24,2.29,7.65,3.57,10.72,0.0
