geoName,geoCode,Công nghệ thông tin,Điểm chuẩn đại học,Điểm chuẩn CNTT,Điểm chuẩn UIT,Điểm chuẩn Bách Khoa,Điểm chuẩn FPT,Xét tuyển đại học,Thi tốt nghiệp THPT,Nguyện vọng đại học,Phổ điểm đại học
An Giang,VN-44,24,72,0,1,3,2,38,25,4,7
Bà Rịa - Vũng Tàu,VN-43,24,68,0,1,7,2,36,22,5,6
Bình Dương,VN-57,27,66,0,2,5,2,27,22,5,5
Bình Phước,VN-58,21,73,0,1,5,2,32,26,7,8
Bình Thuận,VN-40,22,73,0,1,4,2,33,25,5,7
Bình Định,VN-31,23,70,0,1,6,2,34,27,4,5
Bạc Liêu,VN-55,23,72,0,1,4,2,32,29,4,6
Bắc Giang,VN-54,16,77,0,0,7,2,31,35,6,8
Bắc Kạn,VN-53,35,61,0,0,4,1,21,32,5,4
Bắc Ninh,VN-56,14,79,0,0,7,1,34,36,5,7
Bến Tre,VN-50,23,71,0,1,5,2,39,25,4,7
Cao Bằng,VN-04,32,64,0,0,4,1,23,36,6,5
Cà Mau,VN-59,23,72,0,1,4,2,34,28,5,7
Cần Thơ,VN-CT,29,67,0,0,4,2,31,22,5,5
Gia Lai,VN-30,21,72,0,1,6,2,33,27,6,5
Hà Giang,VN-03,30,65,0,0,5,1,28,35,4,7
Hà Nam,VN-63,11,81,0,0,8,2,40,29,6,11
Hà Nội,VN-HN,23,69,0,0,8,2,34,24,5,5
Hà Tĩnh,VN-23,15,76,0,0,9,2,34,34,6,7
Hòa Bình,VN-14,19,75,0,0,6,1,31,37,5,6
Hưng Yên,VN-66,14,78,0,0,8,2,35,35,5,9
Hải Dương,VN-61,13,78,0,0,9,2,39,31,6,9
Hải Phòng,VN-HP,14,79,0,0,7,1,43,28,6,9
Hậu Giang,VN-73,27,70,0,0,3,2,32,30,5,7
Hồ Chí Minh,VN-SG,28,64,0,1,7,2,29,20,5,5
Khánh Hòa,VN-34,24,70,0,1,5,1,29,30,5,6
Kon Tum,VN-28,24,70,0,0,6,2,31,30,6,6
Lai Châu,VN-01,28,68,0,0,4,1,28,32,5,5
Long An,VN-41,24,70,0,1,5,2,37,25,4,6
Lào Cai,VN-02,21,73,0,0,6,1,30,34,5,7
Lâm Đồng,VN-35,23,70,0,1,6,2,33,27,5,6
Lạng Sơn,VN-09,25,70,0,0,5,2,28,34,5,9
Nam Định,VN-67,12,81,0,0,7,2,35,33,7,10
Nghệ An,VN-22,19,73,0,0,8,1,34,31,6,6
Ninh Bình,VN-18,12,81,0,0,7,3,39,29,7,10
Ninh Thuận,VN-36,23,72,0,1,4,1,33,28,5,5
Phú Thọ,VN-68,14,79,0,0,7,2,35,36,6,9
Phú Yên,VN-32,21,73,0,1,5,1,40,24,4,6
Quảng Bình,VN-24,22,66,0,1,11,2,28,33,5,6
Quảng Nam,VN-27,25,63,0,0,12,2,30,27,5,4
Quảng Ngãi,VN-29,18,73,0,1,8,2,34,29,5,5
Quảng Ninh,VN-13,18,76,0,0,6,2,38,28,5,7
Quảng Trị,VN-25,20,66,0,1,13,3,27,32,5,5
Sóc Trăng,VN-52,26,70,0,0,4,3,31,29,5,7
Sơn La,VN-05,24,72,0,0,4,2,28,34,6,8
Thanh Hoá,VN-21,12,80,0,0,8,2,41,32,5,9
Thái Bình,VN-20,14,78,0,0,8,2,40,29,6,10
Thái Nguyên,VN-69,35,60,0,0,5,1,25,26,4,4
Thừa Thiên Huế,VN-26,26,62,0,0,12,2,23,30,5,4
Tiền Giang,VN-46,22,72,0,1,5,2,39,24,4,7
Trà Vinh,VN-51,29,67,0,0,4,1,31,30,5,6
Tuyên Quang,VN-07,22,73,0,0,5,2,29,32,6,7
Tây Ninh,VN-37,22,72,0,1,5,2,34,27,4,7
Vĩnh Long,VN-49,30,65,0,1,4,2,33,25,5,8
Vĩnh Phúc,VN-70,14,80,0,0,6,2,34,34,7,9
Yên Bái,VN-06,19,75,0,0,6,2,31,35,5,7
tỉnh Kiên Giang,VN-47,26,69,0,1,4,2,35,25,5,7
Điện Biên,VN-71,27,69,0,0,4,1,30,36,5,7
Đà Nẵng,VN-DN,30,56,0,0,14,1,27,23,4,3
Đăk Nông,VN-72,21,73,0,1,5,2,31,31,6,6
Đắk Lắk,VN-33,23,70,0,1,6,2,29,32,5,6
Đồng Nai,VN-39,24,70,0,1,5,2,31,27,5,6
Đồng Tháp,VN-45,24,71,0,1,4,2,39,24,4,8
