geoName,geoCode,Công nghệ thông tin,Điểm chuẩn đại học,Điểm chuẩn CNTT,Điểm chuẩn UIT,Điểm chuẩn Bách Khoa
An Giang,VN-44,24,72,0,1,3
Bà Rịa - Vũng Tàu,VN-43,24,68,0,1,7
Bình Dương,VN-57,27,66,0,2,5
Bình Phước,VN-58,21,73,0,1,5
Bình Thuận,VN-40,22,73,0,1,4
Bình Định,VN-31,23,70,0,1,6
Bạc Liêu,VN-55,23,72,0,1,4
Bắc Giang,VN-54,16,77,0,0,7
Bắc Kạn,VN-53,35,61,0,0,4
Bắc Ninh,VN-56,14,79,0,0,7
Bến Tre,VN-50,23,71,0,1,5
Cao Bằng,VN-04,32,64,0,0,4
Cà Mau,VN-59,23,72,0,1,4
Cần Thơ,VN-CT,29,67,0,0,4
Gia Lai,VN-30,21,72,0,1,6
Hà Giang,VN-03,30,65,0,0,5
Hà Nam,VN-63,11,81,0,0,8
Hà Nội,VN-HN,23,69,0,0,8
Hà Tĩnh,VN-23,15,76,0,0,9
Hòa Bình,VN-14,19,75,0,0,6
Hưng Yên,VN-66,14,78,0,0,8
Hải Dương,VN-61,13,78,0,0,9
Hải Phòng,VN-HP,14,79,0,0,7
Hậu Giang,VN-73,27,70,0,0,3
Hồ Chí Minh,VN-SG,28,64,0,1,7
Khánh Hòa,VN-34,24,70,0,1,5
Kon Tum,VN-28,24,70,0,0,6
Lai Châu,VN-01,28,68,0,0,4
Long An,VN-41,24,70,0,1,5
Lào Cai,VN-02,21,73,0,0,6
Lâm Đồng,VN-35,23,70,0,1,6
Lạng Sơn,VN-09,25,70,0,0,5
Nam Định,VN-67,12,81,0,0,7
Nghệ An,VN-22,19,73,0,0,8
Ninh Bình,VN-18,12,81,0,0,7
Ninh Thuận,VN-36,23,72,0,1,4
Phú Thọ,VN-68,14,79,0,0,7
Phú Yên,VN-32,21,73,0,1,5
Quảng Bình,VN-24,22,66,0,1,11
Quảng Nam,VN-27,25,63,0,0,12
Quảng Ngãi,VN-29,18,73,0,1,8
Quảng Ninh,VN-13,18,76,0,0,6
Quảng Trị,VN-25,20,66,0,1,13
Sóc Trăng,VN-52,26,70,0,0,4
Sơn La,VN-05,24,72,0,0,4
Thanh Hoá,VN-21,12,80,0,0,8
Thái Bình,VN-20,14,78,0,0,8
Thái Nguyên,VN-69,35,60,0,0,5
Thừa Thiên Huế,VN-26,26,62,0,0,12
Tiền Giang,VN-46,22,72,0,1,5
Trà Vinh,VN-51,29,67,0,0,4
Tuyên Quang,VN-07,22,73,0,0,5
Tây Ninh,VN-37,22,72,0,1,5
Vĩnh Long,VN-49,30,65,0,1,4
Vĩnh Phúc,VN-70,14,80,0,0,6
Yên Bái,VN-06,19,75,0,0,6
tỉnh Kiên Giang,VN-47,26,69,0,1,4
Điện Biên,VN-71,27,69,0,0,4
Đà Nẵng,VN-DN,30,56,0,0,14
Đăk Nông,VN-72,21,73,0,1,5
Đắk Lắk,VN-33,23,70,0,1,6
Đồng Nai,VN-39,24,70,0,1,5
Đồng Tháp,VN-45,24,71,0,1,4
