geoName,geoCode,Công nghệ thông tin,Thực tập sinh IT,IT Intern,Lương IT,Lương ngành CNTT
An Giang,VN-44,97,0,0,3,0
Bà Rịa - Vũng Tàu,VN-43,96,0,1,3,0
Bình Dương,VN-57,92,1,3,4,0
Bình Phước,VN-58,99,0,0,1,0
Bình Thuận,VN-40,98,0,0,2,0
Bình Định,VN-31,98,0,0,2,0
Bạc Liêu,VN-55,99,0,0,1,0
Bắc Giang,VN-54,98,0,0,2,0
Bắc Kạn,VN-53,100,0,0,0,0
Bắc Ninh,VN-56,97,0,0,3,0
Bến Tre,VN-50,97,1,0,2,0
Cao Bằng,VN-04,100,0,0,0,0
Cà Mau,VN-59,98,0,0,2,0
Cần Thơ,VN-CT,95,2,1,2,0
Gia Lai,VN-30,98,0,0,2,0
Hà Giang,VN-03,100,0,0,0,0
Hà Nam,VN-63,98,0,0,2,0
Hà Nội,VN-HN,94,1,1,4,0
Hà Tĩnh,VN-23,99,0,0,1,0
Hòa Bình,VN-14,98,1,0,1,0
Hưng Yên,VN-66,97,0,0,3,0
Hải Dương,VN-61,98,0,0,2,0
Hải Phòng,VN-HP,96,0,1,3,0
Hậu Giang,VN-73,98,0,0,2,0
Hồ Chí Minh,VN-SG,91,2,2,5,0
Khánh Hòa,VN-34,97,0,1,2,0
Kon Tum,VN-28,99,0,0,1,0
Lai Châu,VN-01,100,0,0,0,0
Long An,VN-41,96,1,0,3,0
Lào Cai,VN-02,100,0,0,0,0
Lâm Đồng,VN-35,97,0,1,2,0
Lạng Sơn,VN-09,100,0,0,0,0
Nam Định,VN-67,98,0,0,2,0
Nghệ An,VN-22,98,0,0,2,0
Ninh Bình,VN-18,99,0,0,1,0
Ninh Thuận,VN-36,99,0,0,1,0
Phú Thọ,VN-68,98,0,0,2,0
Phú Yên,VN-32,98,0,0,2,0
Quảng Bình,VN-24,99,0,0,1,0
Quảng Nam,VN-27,98,0,0,2,0
Quảng Ngãi,VN-29,99,0,0,1,0
Quảng Ninh,VN-13,99,0,0,1,0
Quảng Trị,VN-25,99,0,0,1,0
Sóc Trăng,VN-52,98,0,0,2,0
Sơn La,VN-05,99,0,0,1,0
Thanh Hoá,VN-21,98,0,0,2,0
Thái Bình,VN-20,98,0,0,2,0
Thái Nguyên,VN-69,100,0,0,0,0
Thừa Thiên Huế,VN-26,98,0,0,2,0
Tiền Giang,VN-46,98,0,0,2,0
Trà Vinh,VN-51,98,0,0,2,0
Tuyên Quang,VN-07,99,0,0,1,0
Tây Ninh,VN-37,98,0,0,2,0
Vĩnh Long,VN-49,98,0,0,2,0
Vĩnh Phúc,VN-70,97,0,0,3,0
Yên Bái,VN-06,99,0,0,1,0
tỉnh Kiên Giang,VN-47,98,0,0,2,0
Điện Biên,VN-71,100,0,0,0,0
Đà Nẵng,VN-DN,93,1,2,4,0
Đăk Nông,VN-72,99,0,0,1,0
Đắk Lắk,VN-33,98,0,0,2,0
Đồng Nai,VN-39,96,1,1,2,0
Đồng Tháp,VN-45,99,0,0,1,0
