geoName,geoCode,Công nghệ thông tin,An toàn thông tin,Hệ thống thông tin,Thiết kế vi mạch,Vi mạch bán dẫn
An Giang,VN-44,63,13,23,1,0
Bà Rịa - Vũng Tàu,VN-43,61,17,20,1,1
Bình Dương,VN-57,58,14,26,2,0
Bình Phước,VN-58,58,16,26,0,0
Bình Thuận,VN-40,60,16,23,1,0
Bình Định,VN-31,63,13,22,1,1
Bạc Liêu,VN-55,61,15,23,1,0
Bắc Giang,VN-54,58,16,25,0,1
Bắc Kạn,VN-53,60,19,21,0,0
Bắc Ninh,VN-56,60,16,23,0,1
Bến Tre,VN-50,59,16,25,0,0
Cao Bằng,VN-04,55,17,28,0,0
Cà Mau,VN-59,58,16,24,1,1
Cần Thơ,VN-CT,62,13,23,1,1
Gia Lai,VN-30,60,15,23,1,1
Hà Giang,VN-03,52,18,30,0,0
Hà Nam,VN-63,55,14,31,0,0
Hà Nội,VN-HN,55,18,26,0,1
Hà Tĩnh,VN-23,55,16,29,0,0
Hòa Bình,VN-14,56,16,27,0,1
Hưng Yên,VN-66,50,13,35,1,1
Hải Dương,VN-61,55,15,29,0,1
Hải Phòng,VN-HP,57,15,27,0,1
Hậu Giang,VN-73,58,19,23,0,0
Hồ Chí Minh,VN-SG,56,13,30,1,0
Khánh Hòa,VN-34,63,12,24,1,0
Kon Tum,VN-28,52,21,26,1,0
Lai Châu,VN-01,59,17,24,0,0
Long An,VN-41,62,13,24,1,0
Lào Cai,VN-02,60,16,24,0,0
Lâm Đồng,VN-35,60,16,23,1,0
Lạng Sơn,VN-09,58,16,26,0,0
Nam Định,VN-67,63,13,23,0,1
Nghệ An,VN-22,59,16,24,0,1
Ninh Bình,VN-18,58,16,26,0,0
Ninh Thuận,VN-36,61,15,24,0,0
Phú Thọ,VN-68,57,17,25,0,1
Phú Yên,VN-32,60,14,25,1,0
Quảng Bình,VN-24,55,17,28,0,0
Quảng Nam,VN-27,65,13,20,1,1
Quảng Ngãi,VN-29,54,17,27,1,1
Quảng Ninh,VN-13,58,17,25,0,0
Quảng Trị,VN-25,51,17,30,1,1
Sóc Trăng,VN-52,56,17,27,0,0
Sơn La,VN-05,53,17,30,0,0
Thanh Hoá,VN-21,53,14,32,0,1
Thái Bình,VN-20,62,13,24,0,1
Thái Nguyên,VN-69,70,10,20,0,0
Thừa Thiên Huế,VN-26,61,10,28,1,0
Tiền Giang,VN-46,63,14,21,1,1
Trà Vinh,VN-51,61,15,23,0,1
Tuyên Quang,VN-07,53,19,27,0,1
Tây Ninh,VN-37,61,14,25,0,0
Vĩnh Long,VN-49,60,16,23,1,0
Vĩnh Phúc,VN-70,59,15,25,0,1
Yên Bái,VN-06,54,21,25,0,0
tỉnh Kiên Giang,VN-47,60,17,23,0,0
Điện Biên,VN-71,54,19,26,1,0
Đà Nẵng,VN-DN,53,10,34,1,2
Đăk Nông,VN-72,58,17,24,0,1
Đắk Lắk,VN-33,64,15,21,0,0
Đồng Nai,VN-39,65,12,22,1,0
Đồng Tháp,VN-45,63,13,23,0,1
