geoName,geoCode,Công nghệ thông tin,Kỹ thuật máy tính,Mạng máy tính
An Giang,VN-44,70,9,21
Bà Rịa - Vũng Tàu,VN-43,72,1,27
Bình Dương,VN-57,64,9,27
Bình Phước,VN-58,82,0,18
Bình Thuận,VN-40,77,1,22
Bình Định,VN-31,75,1,24
Bạc Liêu,VN-55,91,0,9
Bắc Giang,VN-54,71,1,28
Bắc Kạn,VN-53,97,0,3
Bắc Ninh,VN-56,63,6,31
Bến Tre,VN-50,72,3,25
Cao Bằng,VN-04,95,0,5
Cà Mau,VN-59,75,1,24
Cần Thơ,VN-CT,68,10,22
Gia Lai,VN-30,75,7,18
Hà Giang,VN-03,92,0,8
Hà Nam,VN-63,59,1,40
Hà Nội,VN-HN,64,7,29
Hà Tĩnh,VN-23,64,0,36
Hòa Bình,VN-14,73,0,27
Hưng Yên,VN-66,56,11,33
Hải Dương,VN-61,51,12,37
Hải Phòng,VN-HP,61,7,32
Hậu Giang,VN-73,69,0,31
Hồ Chí Minh,VN-SG,71,9,20
Khánh Hòa,VN-34,73,8,19
Kon Tum,VN-28,94,0,6
Lai Châu,VN-01,94,0,6
Long An,VN-41,69,9,22
Lào Cai,VN-02,64,1,35
Lâm Đồng,VN-35,82,1,17
Lạng Sơn,VN-09,69,0,31
Nam Định,VN-67,57,12,31
Nghệ An,VN-22,68,7,25
Ninh Bình,VN-18,64,0,36
Ninh Thuận,VN-36,93,0,7
Phú Thọ,VN-68,74,0,26
Phú Yên,VN-32,74,0,26
Quảng Bình,VN-24,91,2,7
Quảng Nam,VN-27,75,0,25
Quảng Ngãi,VN-29,74,0,26
Quảng Ninh,VN-13,70,0,30
Quảng Trị,VN-25,60,20,20
Sóc Trăng,VN-52,71,1,28
Sơn La,VN-05,73,0,27
Thanh Hoá,VN-21,63,9,28
Thái Bình,VN-20,55,11,34
Thái Nguyên,VN-69,79,7,14
Thừa Thiên Huế,VN-26,68,9,23
Tiền Giang,VN-46,78,0,22
Trà Vinh,VN-51,81,0,19
Tuyên Quang,VN-07,70,0,30
Tây Ninh,VN-37,92,1,7
Vĩnh Long,VN-49,75,1,24
Vĩnh Phúc,VN-70,56,9,35
Yên Bái,VN-06,61,1,38
tỉnh Kiên Giang,VN-47,73,0,27
Điện Biên,VN-71,92,0,8
Đà Nẵng,VN-DN,68,10,22
Đăk Nông,VN-72,87,0,13
Đắk Lắk,VN-33,76,0,24
Đồng Nai,VN-39,72,6,22
Đồng Tháp,VN-45,66,16,18
