geoName,geoCode,Công nghệ thông tin,UIT,Đại học Công nghệ Thông tin,Đại học FPT,HUST
An Giang,VN-44,54,11,17,16,2
Bà Rịa - Vũng Tàu,VN-43,50,15,15,15,5
Bình Dương,VN-57,32,49,9,7,3
Bình Phước,VN-58,52,13,18,14,3
Bình Thuận,VN-40,53,13,18,13,3
Bình Định,VN-31,51,14,14,18,3
Bạc Liêu,VN-55,53,10,18,17,2
Bắc Giang,VN-54,46,1,14,14,25
Bắc Kạn,VN-53,61,0,20,9,10
Bắc Ninh,VN-56,38,2,11,13,36
Bến Tre,VN-50,52,13,19,14,2
Cao Bằng,VN-04,61,4,15,11,9
Cà Mau,VN-59,54,9,17,18,2
Cần Thơ,VN-CT,49,6,12,31,2
Gia Lai,VN-30,50,13,16,14,7
Hà Giang,VN-03,57,7,12,15,9
Hà Nam,VN-63,35,1,13,18,33
Hà Nội,VN-HN,25,1,5,9,60
Hà Tĩnh,VN-23,45,4,14,13,24
Hòa Bình,VN-14,49,1,12,17,21
Hưng Yên,VN-66,33,1,10,16,40
Hải Dương,VN-61,36,1,11,15,37
Hải Phòng,VN-HP,41,2,10,12,35
Hậu Giang,VN-73,54,5,15,24,2
Hồ Chí Minh,VN-SG,44,27,14,12,3
Khánh Hòa,VN-34,53,16,17,10,4
Kon Tum,VN-28,54,10,15,16,5
Lai Châu,VN-01,60,2,12,14,12
Long An,VN-41,53,14,17,14,2
Lào Cai,VN-02,53,3,12,15,17
Lâm Đồng,VN-35,51,15,17,14,3
Lạng Sơn,VN-09,55,2,14,14,15
Nam Định,VN-67,39,1,14,16,30
Nghệ An,VN-22,53,2,13,11,21
Ninh Bình,VN-18,40,3,13,19,25
Ninh Thuận,VN-36,54,11,18,14,3
Phú Thọ,VN-68,43,2,13,17,25
Phú Yên,VN-32,50,17,18,12,3
Quảng Bình,VN-24,48,10,16,16,10
Quảng Nam,VN-27,54,11,15,17,3
Quảng Ngãi,VN-29,51,13,18,15,3
Quảng Ninh,VN-13,49,1,12,16,22
Quảng Trị,VN-25,48,14,16,15,7
Sóc Trăng,VN-52,50,8,16,24,2
Sơn La,VN-05,58,3,13,14,12
Thanh Hoá,VN-21,43,1,13,14,29
Thái Bình,VN-20,40,1,14,15,30
Thái Nguyên,VN-69,58,0,21,7,14
Thừa Thiên Huế,VN-26,59,8,15,12,6
Tiền Giang,VN-46,53,14,17,14,2
Trà Vinh,VN-51,58,9,17,15,1
Tuyên Quang,VN-07,51,2,16,17,14
Tây Ninh,VN-37,53,12,19,14,2
Vĩnh Long,VN-49,54,11,15,18,2
Vĩnh Phúc,VN-70,39,1,12,17,31
Yên Bái,VN-06,49,1,14,16,20
tỉnh Kiên Giang,VN-47,55,9,17,17,2
Điện Biên,VN-71,62,1,13,15,9
Đà Nẵng,VN-DN,56,6,12,21,5
Đăk Nông,VN-72,51,12,17,15,5
Đắk Lắk,VN-33,55,12,16,13,4
Đồng Nai,VN-39,50,19,16,12,3
Đồng Tháp,VN-45,56,9,17,16,2
